migrants;Code;Year;crop_index;conflict_deaths;gdp_pcg;pgrowth;inflation;child_mort;electricity_access;educ_spending;unempl_total;pubhealthexp_gdp;political_regime;accesstoimprwater_pcent;battle_deaths;totpop;gdp_pc;avgtotyears_school_adults;crop_index_bis;agric_GDP_av
1057;CIV;1995;3.132531335;44.00000071;3.622757144;3.324635955;14.29506909;101.8;42.2695694;0;4.099999905;1.645869281;1;76.9;0;14199762;774.6712121;2.5;77.46;24.7276058
1303;CIV;1996;3.29477092;5;4.310778203;3.224715856;2.480806692;100.9;43.36985016;0;4.112999916;1.854107008;1;77.1;0;14665127;827.7620057;2.6;81.06;24.60262093
1838;CIV;1997;3.651032227;16.00000011;0.551600567;3.12509846;4.020833333;99.8;44.45660019;19.22014999;4.103000164;2.003289854;1;77.3;0;15130663;774.7276313;2.8;85.14;23.31943262
2946;CIV;1998;3.713859766;13.00000001;1.842875672;2.98687471;4.611447595;98.4;45.52711487;18.81475067;4.099999905;1.888813112;1;77.5;0;15589414;809.0126883;3;89.79;24.17700335
2591;CIV;1999;3.946483511;51.00000041;-1.191299427;2.803037112;0.702375806;96.9;48.2;21.67118073;4.334000111;1.799667406;1;77.7;0;16032573;771.968406;3.1;91.57;23.2029349
3146;CIV;2000;3.957322906;111.0000007;-4.580540605;2.598674067;2.530775167;95.3;47.61742401;20.80694962;4.514999866;1.788035704;1;77.9;0;16454668;651.3059068;3.3;98.89;24.98911571
3496.5;CIV;2001;3.604041116;32.00000044;-2.24521492;2.392101929;4.36152914;93.4;48.64391708;23.20203018;4.715000153;1.290257864;1;78.2;0;16853026;664.1276663;3.3;93.44;25.92645228
4119;CIV;2002;3.470840671;1323.000204;-3.827639325;2.221114226;3.077264852;91.4;51.4;22.59230042;4.974999905;1.40860098;1;78.5;624;17231539;716.5302656;3.4;94.65;27.27005039
6215;CIV;2003;3.278915791;1050.999823;-3.42246201;2.11353752;3.29680747;89.5;50.67906189;22.6482296;5.193999767;1.338333609;1;78.7;139;17599610;869.7125993;3.5;94.37;28.78085502
6291;CIV;2004;4.061932005;515.0000834;-0.857498876;2.085444797;1.457988356;87.5;51.69551468;22.10716057;5.357999802;1.471674426;1;79;47;17970494;921.2012673;3.6;95.82;23.58975972
5433;CIV;2005;4.419019684;154.0000128;-0.407002578;2.114434812;3.885830399;85.2;58.9;21.84568977;5.506000042;1.269719496;1;79.2;0;18354514;930.8298181;3.7;99.84;22.59324627
5710;CIV;2006;4.611669316;46.00000021;-0.651437208;2.158036592;2.467191486;83.3;53.74567795;20.01789093;5.572999954;1.358403825;1;79.5;0;18754916;949.1318328;3.8;104.34;22.62521288
5871;CIV;2007;4.511519598;4;-0.444884353;2.195517817;1.892006293;81.1;54.78623962;20.75588036;5.653999805;1.428213132;1;79.8;0;19171237;1061.154026;3.9;99.23;21.99480637
6495;CIV;2008;4.65625024;14.00000003;0.271158496;2.240257565;6.308527692;78.8;55.83730316;21.52691078;5.823999882;1.528626424;1;80.1;0;19605569;1235.613366;4;105.59;22.67704581
6131;CIV;2009;4.663631271;2;0.916728923;2.287160067;1.019504577;76.7;56.8971138;22.19046974;6.381999969;1.696810152;1;80.4;0;20059147;1210.295426;4.1;98.87;21.20021808
5697;CIV;2010;4.320524796;49.00000015;-0.336444149;2.334565367;1.226456121;74.7;57.96392822;22.77275085;6.704999924;1.676172168;1;80.7;0;20532950;1213.112645;4.2;105.98;24.52942756
5631;CIV;2011;4.107400192;1071.999888;-6.641118189;2.385511855;4.912433951;72.9;59.03598785;22.42686081;6.953999996;1.635696974;1;80.9;98;21028655;1208.583026;4.4;109.63;26.69084941
6648;CIV;2012;5.384797086;27.99999998;8.042352489;2.435928938;1.304511199;70.9;55.8;20.85876083;7.22300005;1.885045493;2;81.2;0;21547188;1243.273487;4.5;119.49;22.1902512
6215;CIV;2013;5.865970466;21.99999996;6.225706887;2.476674322;2.581170373;68.9;61.18886185;21.57472992;4.254000187;1.796587883;2;81.5;0;22087505;1415.871758;4.7;123.06;20.97862591
6003;CIV;2014;6.115022057;28.9999997;6.10311564;2.504548687;0.448682077;67;61.9;21.76678085;3.647000074;1.678538491;1;81.8;0;22647683;1561.463655;4.4;128.73;21.05143674
7289;CIV;2015;7.054162838;15.00000002;6.13206803;2.522094681;1.251499548;65.3;62.6;21.17321968;3.101999998;#N/A;1;81.9;0;23226143;1972.546108;5;129.53;18.36220725
9478;CIV;2016;6.465430871;17.00000001;4.495214422;2.536099761;0.723178458;63.9;64.3;22.51621056;2.598999977;#N/A;2;0;0;23822714;2013.382462;5.1;127.63;19.74037037
13002;CIV;2017;0;24.00000011;4.65887166;2.54780739;0.685881065;62.2;65.6;20.68033028;3.273000002;#N/A;2;#N/A;0;24437469;2111.027076;5.2;0;18.73748665
10964;CIV;2018;0;#N/A;4.102226343;2.552358861;0.359409031;60.6;66.99118042;18.33167076;3.210000038;#N/A;2;#N/A;0;25069229;2302.612951;#N/A;0;17.47185229
1289;CMR;1995;3.779763518;4.999999988;0.66238032;2.750755861;9.069690719;89.8;36.10591507;0;8.036999702;0.900268714;1;56.5;0;13599988;709.1148297;4.2;67.53;17.8661971
1964;CMR;1996;4.055743429;56;1.591047301;2.690145732;3.924063727;90.3;37.25316238;0;8.06000042;0.893368284;1;57.6;56;13970813;752.5250994;4.3;71.74;17.68849565
2942;CMR;1997;3.728252917;5.999999989;2.490315478;2.639267039;4.786238819;90.3;38.40340042;0;7.916999817;0.978965995;1;58.6;0;14344449;755.2397068;4.4;67.78;18.18009709
4231;CMR;1998;4.119357946;1;1.810065677;2.610002071;3.170751854;89.9;40.7;0;7.787000179;0.784629614;1;59.7;0;14723768;720.7969746;4.6;72.47;17.59254742
3921;CMR;1999;4.13730767;1;1.608742018;2.606524479;1.871745007;88.9;40.70849609;0;7.735000134;0.833734824;1;60.7;0;15112592;740.9965643;4.7;75.81;18.32351037
4457;CMR;2000;4.650325199;18.0000002;0.874400224;2.621099328;1.22719013;87.4;41;11.68369961;7.585000038;0.932629186;1;61.7;0;15513945;649.9918454;4.8;77.83;16.73646394
5354.5;CMR;2001;4.509639242;0;1.649184953;2.639640035;4.419772459;85.7;46.2;15.73394012;7.460000038;1.129199277;1;62.8;0;15928910;651.1009075;4.9;78.6;17.4293321
6462;CMR;2002;4.900412075;0;1.505406234;2.655704619;2.834422601;83.7;44.11487579;0;6.703000069;1.290383204;1;63.8;0;16357602;707.8875674;5.1;80.62;16.45167769
7263;CMR;2003;5.238373141;0;1.808362978;2.673762976;0.623163557;81.7;45.21878433;21.44202042;5.923999786;1.331728012;1;64.9;0;16800865;865.9581375;5.1;83.33;15.90761058
7934;CMR;2004;5.529196923;18.99999996;3.944548056;2.692203013;0.23364738;79.8;47.1;20.84712029;5.138000011;1.129638122;1;65.9;0;17259322;1009.94312;5.1;85.97;15.54837008
7876;CMR;2005;7.35538114;48.00000043;-0.706775436;2.709802767;2.013539502;78.1;47.35513687;21.37760925;4.400000095;1.120079177;1;66.9;0;17733410;1011.880073;5.1;103.59;14.08356658
7510;CMR;2006;8.341238181;30.99999975;0.674389717;2.727108707;5.11757816;76.4;49;20.31265068;3.690999985;1.076092314;1;68;0;18223674;1062.137433;5.2;110.44;13.24024055
7253;CMR;2007;8.894495188;66.00000005;2.064855524;2.742005436;0.921402246;74.8;48.2;21.37933922;3.062999964;1.065776207;1;69;0;18730282;1194.06985;5.2;117.22;13.17893793
6991;CMR;2008;9.244238454;128.9999975;0.680831686;2.750797225;5.337806276;72.9;50.47182465;15.70061016;3.296000004;1.049287334;1;70;0;19252666;1371.746708;5.2;121.06;13.0957245
7387;CMR;2009;9.626522176;18.99999993;-0.575806015;2.752312198;3.043618479;71.3;51.53256226;19.77979088;3.766000032;1.28313286;1;71;0;19789919;1314.706015;5.2;131.47;13.65706094
7131;CMR;2010;10.32794587;5.999999998;0.619379565;2.747773491;1.275380462;68.8;53.25836563;18.75388908;4.110000134;1.507602276;1;72.1;0;20341241;1286.515572;5.3;145.29;14.067657
7114;CMR;2011;11.0700185;17.00000007;1.314427049;2.740435666;2.939699463;66.9;53.7;14.8677702;3.969000101;1.331447157;1;73.1;0;20906388;1405.094392;5.5;149.22;13.47965227
7516;CMR;2012;11.57451558;17.99999998;1.7265535;2.731263968;2.742534075;64.6;54.94634247;15.17621994;3.836999893;1.066747097;1;74.1;0;21485266;1354.545613;5.7;158.82;13.72152458
7801;CMR;2013;11.68222012;14.00000005;2.577710656;2.718244285;2.05908684;62;56.16632462;13.82495022;3.710999966;1.012469674;1;75.1;0;22077298;1465.638843;5.9;162.37;13.89889921
7507;CMR;2014;11.5048317;1124.000014;3.061836081;2.701555717;1.834130781;59.8;56.8;12.92924976;3.53399992;0.938633691;1;75.4;969;22681858;1542.620266;6;163.67;14.22619681
7617;CMR;2015;11.67644765;1582.999888;2.855766469;2.68179173;2.685982772;57.3;58.71873474;13.24398994;3.506000042;#N/A;1;75.6;924;23298368;1327.503017;6.1;172.49;14.77247235
8028;CMR;2016;12.79237594;702.9999604;1.901024374;2.660494609;0.861740258;55.4;60.0260849;12.69468975;3.471999884;#N/A;1;#N/A;181;23926539;1364.33011;6.3;186.04;14.54303727
8655;CMR;2017;0;446.0000253;0.853486026;2.637694363;0.642673522;53.4;61.34233475;15.91162014;3.414000034;#N/A;1;#N/A;98;24566045;1425.107818;6.3;0;14.37221482
8869;CMR;2018;0;#N/A;1.379191982;2.612290751;1.074299452;51.6;62.66007233;16.88315964;3.357000113;#N/A;1;#N/A;753;25216237;1534.491274;#N/A;0;14.42317087
973;COD;1995;1.935130532;94.99999974;-2.505009583;3.234479176;541.9088832;114.3;0;0;2.868000031;0.151469658;0;45.2;0;41576234;135.7371468;2.9;109.42;56.54398926
1044;COD;1996;3.259577301;34473.01672;-3.757037496;2.800990199;492.4418502;113.1;0;0;2.877000093;0.113020059;0;45.6;1389;42757243;134.9819243;3;108.42;33.26198154
3264;COD;1997;2.214526288;39485.7044;-7.921183301;2.471556494;198.5167074;111.8;0;0;2.868999958;0.204867812;0;46;4591;43827180;138.9740464;3.1;105.19;47.50000059
5232;COD;1998;2.306023121;10028.99671;-3.867579026;2.306867985;29.14880692;110.3;0;0;2.865999937;0.178185156;0;46.4;3356;44849967;138.5863064;3.1;107.23;46.49996743
2315;COD;1999;1.996709137;9008.997145;-6.500060777;2.356947156;284.8949759;108.6;0;0;2.898999929;0.247696712;0;46.8;3282;45919613;102.5979776;3.2;104.56;52.36616493
1692;COD;2000;3.204643184;2786.999493;-9.255084665;2.550436336;513.9068437;106.6;6.7;0;2.885999918;0.044703612;0;47.1;1473;47105826;405.216253;3.3;102.46;31.97235827
2134.5;COD;2001;3.043725233;2162.000479;-4.774091088;2.769272496;359.9366143;104.5;7.262416363;0;2.884000063;0.14417975;0;47.5;486;48428545;153.5910092;3.5;100.05;32.87090402
2680;COD;2002;3.689467883;6351.001517;-0.03120251;2.936361326;31.5225826;102.3;7.917279243;0;2.920000076;0.160080405;0;47.9;76;49871666;175.0099651;3.7;98.08;26.58377932
2437;COD;2003;3.790996049;3744.999797;2.387603432;3.068268818;12.87396572;100.1;8.553387642;0;2.924000025;0.700026844;0;48.2;0;51425580;173.7961353;3.9;98.77;26.05383881
2465;COD;2004;4.165522113;898.0000333;3.433175672;3.145497838;3.994384008;97.7;9.166272163;0;2.891000032;0.71835464;0;48.6;0;53068880;194.0399624;4.1;99.47;23.87935949
2933;COD;2005;4.635906572;569.999999;2.808811976;3.184222392;21.31681672;95.5;6;0;2.848999977;0.752462162;0;49;0;54785903;218.3861908;4.3;100.04;21.57938225
4463;COD;2006;4.737845952;458.9999957;1.984891599;3.21879547;13.05269497;93.1;10.32589817;0;2.960999966;0.938991328;1;49.3;177;56578037;255.4330838;4.5;100.49;21.21006065
4133;COD;2007;4.699983108;963.9999977;2.849852328;3.261382602;16.94510065;90.8;15.2;0;3.08100009;1.209434345;1;49.7;632;58453683;286.3304921;4.8;101.53;21.6022053
4284;COD;2008;4.524136735;3679.998679;2.783842465;3.293973839;17.30138457;88.5;11.46742439;0;3.256999969;2.099872761;1;50;767;60411195;327.5637218;5;102.33;22.61867976
4147;COD;2009;4.357822702;9032.999401;-0.500573021;3.31689666;2.8;86.3;12.06036186;0;3.687000036;2.362979061;1;50.4;1978;62448574;298.6196821;5.2;103.17;23.6746667
3969;COD;2010;4.86875158;1757.000091;3.598840323;3.331131654;7.1;84;12.68352604;9.578499794;3.976999998;1.062595613;1;50.7;300;64563854;334.0215726;5.4;104.33;21.42849112
4050;COD;2011;5.21870265;639.9999905;3.366411993;3.337677422;15.31651591;81.9;13.34850311;0;4.222000122;1.255268552;1;51.1;283;66755153;387.0824654;5.6;109.16;20.91707601
4472;COD;2012;5.397958627;2195.999819;3.571790138;3.337564776;9.721828063;79.8;15.4;0;4.485000134;1.687173628;1;51.4;773;69020747;424.6003861;5.8;110.34;20.44106071
4907;COD;2013;5.637618356;2893.999862;4.927562523;3.331362952;0.808223101;77.7;14.82291889;16.17473984;4.502999783;1.323441751;1;51.8;1531;71358807;457.9637283;6;108.9;19.31666763
4793;COD;2014;5.896829518;1937.999924;5.895886034;3.319676665;1.243038898;75.7;13.5;10.55391979;4.445000172;1.59835647;1;52.1;985;73767447;486.7870819;6.2;109.46;18.56251731
4772;COD;2015;5.961223956;1150.000041;3.442604598;3.30283221;0.744198995;73.8;16.43972588;11.73836994;4.406000137;#N/A;1;52.4;197;76244544;497.3169608;6.4;109.51;18.3703885
5181;COD;2016;5.847926919;1244.000054;-0.907723407;3.282914628;2.885851073;71.8;17.40341187;14.63541985;4.356999874;#N/A;1;#N/A;745;78789127;471.3188404;6.6;108.77;18.59975364
5188;COD;2017;0;2790.999446;0.401471108;3.258508351;0;69.8;18.22616386;14.00642014;4.272999763;#N/A;1;#N/A;3630;81398764;467.0742375;6.8;0;19.7026975
4681;COD;2018;0;#N/A;2.461092671;3.2266989;0;67.9;18.97766113;0;4.19299984;#N/A;1;#N/A;770;84068091;557.0644183;#N/A;0;19.18452613
2982;COG;1995;7.3599154;2;1.097509914;2.816428164;9.418007435;67;0;14.70777988;19.8560009;1.875942346;1;#N/A;0;2707537;781.5235685;5.1;76.93;10.4525658
3903;COG;1996;8.91429512;1.000000004;1.360228285;2.849930936;10.03112033;69.1;0;0;19.88899994;1.721611549;1;#N/A;0;2785810;912.0139881;5.2;80.11;8.986689236
3015;COG;1997;8.771017918;10414.23301;-3.448427755;2.88251703;0;71.1;0;0;19.86100006;1.911836318;0;68.3;10000;2867280;810.077492;5.3;80.16;9.139190086
2872;COG;1998;7.129707223;3784.001125;0.772419705;2.899947445;0;72.5;0;14.12652969;19.85199928;2.218401855;0;68.6;3272;2951647;660.4723724;5.4;78.11;10.95556908
2583;COG;1999;10.09124492;984.9987997;-5.364719573;2.897860235;4.142671373;73.1;0;0;19.96100044;1.752764882;0;68.9;651;3038433;774.7116899;5.5;84.32;8.355757952
2876.5;COG;2000;16.27184827;500.0000098;4.515335155;2.886358372;-0.881991517;72.4;0;0;19.91900063;1.222592062;0;69.2;0;3127411;1029.577037;5.5;86.31;5.304252999
3297;COG;2001;15.18811002;3;0.88258488;2.853372225;0.055989922;70.6;0;0;19.91300011;1.334532489;0;69.5;0;3217933;868.3399509;5.6;88.09;5.799931651
4329;COG;2002;14.28712853;234.999995;1.661059832;2.832587302;4.378759718;67.9;0;9.054849625;20.03499985;1.287959153;1;70.1;167;3310387;912.2781532;5.7;89.46;6.261580123
4667;COG;2003;14.52537804;43.99999969;-2.043275772;2.874414339;-0.631844987;64.4;0;9.519949913;20.04800034;1.300179166;1;70.6;0;3406922;1026.107674;5.7;91.15;6.275223939
5034;COG;2004;17.37210776;8.999999967;0.424448467;2.994011755;2.42976608;60.5;0;8.56180954;19.93799973;1.369675105;1;71.2;0;3510468;1324.219142;5.8;95.71;5.509406303
4944;COG;2005;22.06118403;15.00000024;4.415301449;3.149094483;3.094490115;56.5;0;7.597819805;19.79599953;1.434608509;1;71.7;0;3622775;1680.204588;5.8;100.25;4.544180397
3482;COG;2006;26.27058738;0;2.764919686;3.321895971;6.537843953;52.8;33.8859787;0;18.56399918;1.494032765;1;72.2;0;3745141;2064.344523;5.9;104.04;3.960322565
3094;COG;2007;24.79838187;1.999999988;-4.907859458;3.437512885;2.654646451;49.5;35.97723007;0;17.41600037;1.545764133;1;72.8;0;3876119;2165.745759;5.9;107.31;4.327298473
3019;COG;2008;30.61496879;1;2.009713885;3.432735093;4.95875092;46.7;38.07553864;0;16.46299934;1.238592875;1;73.3;0;4011486;2956.264407;6;112.57;3.676959489
3093;COG;2009;25.912747;100.0000075;3.99746567;3.283536842;4.415003748;44.7;37.1;0;16.10000038;1.14114182;1;73.8;0;4145391;2314.266025;6;116.76;4.505890479
2983;COG;2010;29.90804884;0;5.485794479;3.049010156;0.391525011;43.1;42.3396759;24.72777939;13.97200012;1.386578972;1;74.3;0;4273731;2812.435974;6.1;114.56;3.830407012
2789;COG;2011;34.30863518;1;0.570601587;2.794481941;1.759587043;42;44.52867126;0;11.89700031;1.977375259;1;74.8;0;4394844;3286.694535;6.2;116.07;3.383113301
2950;COG;2012;30.76335946;2;1.145156182;2.590901936;5.010187731;41.2;41.6;0;10;3.149421373;1;75.3;0;4510198;3032.493883;6.2;120.77;3.925774106
2782;COG;2013;28.2611893;41.99999891;0.921951607;2.465109065;4.631616197;40.4;49.05112076;0;10.02000046;4.05731117;1;75.8;0;4622761;3047.930773;6.3;123.28;4.362166032
2671;COG;2014;25.53428605;10.99999999;4.205349659;2.440638958;0.912139545;39.5;52.38968277;6.555920124;9.956000328;4.211920852;1;76.3;0;4736974;2996.918026;6.3;123.44;4.834284371
2613;COG;2015;17.12294753;0;0.128546659;2.483608177;3.169097968;38.5;60.4;7.950399876;9.911999702;#N/A;1;76.5;0;4856095;1762.032018;6.3;124.03;7.243495885
2607;COG;2016;17.41304288;60.99999999;-5.23741467;2.539585634;3.190561797;37.6;60.74069595;0;9.857999802;#N/A;1;#N/A;51;4980999;1815.295843;6.3;126.11;7.242272409
2629;COG;2017;0;24.99999949;-4.293164677;2.570629914;0.450063823;36.6;64.70985413;15.68220043;9.762999535;#N/A;1;#N/A;0;5110702;1767.894521;6.3;0;6.177147773
2459;COG;2018;0;#N/A;-0.989438908;2.5817013;1.152778964;35.7;68.51843262;15.56768036;9.670000076;#N/A;1;#N/A;0;5244363;2223.854479;#N/A;0;7.152227536
205;COM;1995;2.988446127;0;0.751409144;2.797965538;0;76.6;0;0;4.537000179;2.879786206;1;90.1;0;475394;838.171684;#N/A;87.79;29.37647067
246;COM;1996;3.081075005;0;-3.964908131;2.745548333;0;75.3;0;0;4.551000118;2.713949704;1;90.1;0;488627;810.5442344;#N/A;90.51;29.37611056
472;COM;1997;3.047385725;56.00003027;1.268329697;2.690707259;0;74.1;0;0;4.539999962;2.584925576;1;90.1;56;501953;726.0552078;#N/A;89.52;29.375999
1295;COM;1998;3.194801881;0;-1.357116233;2.640770438;0;73.3;0;17.1350708;4.535999775;2.185036147;1;90.1;0;515385;718.1170893;#N/A;93.85;29.37584348
741;COM;1999;3.240360733;0;-0.670303406;2.578686179;0;72.6;0;0;4.580999851;1.964426649;1;90.1;0;528848;723.1850928;#N/A;95.19;29.37635894
933;COM;2000;3.269980726;0;8.08688541;2.522340022;0;72.2;0;0;4.563000202;1.522723097;0;90.1;0;542357;645.8186908;#N/A;96.06;29.37631994
1101;COM;2001;3.335683689;0;-0.158002157;2.464237891;5.554593948;71.9;0;0;4.56099987;1.094675339;0;90.1;0;555888;680.3185414;#N/A;97.99;29.37628658
1051;COM;2002;3.325161993;0;-0.117108885;2.415507265;3.533042143;71.7;0;15.78971958;4.611999989;1.669758102;1;90.1;0;569479;744.4751724;#N/A;97.68;29.37601242
1099;COM;2003;3.383019112;0;-0.300216019;2.382713421;3.799081367;71.3;0;0;4.617000103;1.815474839;1;90.1;0;583211;935.611518;#N/A;99.38;29.37612727
997;COM;2004;3.412307054;0;-0.47240465;2.374990806;4.474992891;70.7;0;0;4.571000099;2.010438445;1;90.1;0;597228;1059.176884;2.8;100.24;29.37601992
1136;COM;2005;3.255007778;0;0.416533343;2.382366955;3.013323951;69.6;51.2086525;0;4.513000011;2.274051852;1;90.1;0;611627;1068.600321;3.1;95.62;29.37627389
2774;COM;2006;3.5450297;0;0.222132637;2.39064349;3.374363601;68.3;53.43353271;0;4.390999794;2.507151514;2;90.1;0;626425;1113.957757;3.3;104.14;29.37634063
2808;COM;2007;3.72695094;0;-1.58712863;2.396717366;4.466167101;66.8;55.6538887;0;4.288000107;2.80299141;2;90.1;0;641620;1238.461514;3.5;107.92;28.95664626
3084;COM;2008;3.709129182;0;1.530002524;2.403628365;1.700781763;65.3;57.88130188;29.23311996;4.254000187;3.094532063;2;90.1;0;657229;1387.594626;3.7;108.08;29.13891501
3318;COM;2009;3.5444337;0;0.744011366;2.408719056;4.362348293;63.6;60.1273613;0;4.488999844;1.72121212;2;90.1;0;673252;1339.337191;3.9;106.45;30.0330064
2889;COM;2010;3.461000594;0;1.325682766;2.412541877;3.354757703;62.1;70.10408783;0;4.547999859;1.454408898;2;90.1;0;689692;1316.498848;4.2;105.27;30.4160595
2508;COM;2011;3.419030393;0;1.613333795;2.417574078;1.842663008;60.2;69.60527039;21.41486931;4.551000118;1.656759335;2;90.1;0;706569;1447.963587;4.4;104.5;30.56422084
3074;COM;2012;3.306934047;0;0.733574939;2.419233782;6.314744503;58.7;69.3;18.49151039;4.563000202;2.646604021;2;90.1;0;723871;1403.34862;4.6;99.78;30.17296341
4874;COM;2013;3.402743348;0;2.014724713;2.406870493;-4.294873315;57.2;69.50240326;16.07073021;4.578999996;2.003193245;2;90.1;0;741505;1505.349473;4.7;104.77;30.78986256
5577;COM;2014;3.498321726;0;-0.304632305;2.383357478;0;55.6;71.95057678;18.88953018;4.527999878;2.217320352;2;90.1;0;759390;1513.830379;4.8;104.99;30.01153359
7380;COM;2015;3.528589558;0;-1.229462948;2.347041066;0;54.1;74.42545319;13.25364971;4.493000031;#N/A;1;90.1;0;777424;1242.60319;4.8;107.97;30.59862821
3900;COM;2016;3.466219199;0;0.961267016;2.310060155;0;52.6;76.91812134;0;4.449999809;#N/A;1;#N/A;0;795592;1273.058953;4.8;108.73;31.36847203
4197;COM;2017;0;0;1.481452177;2.274118744;0;51.2;79.41969299;0;4.375;#N/A;1;#N/A;0;813892;1323.81159;4.8;0;31.89888687
5001;COM;2018;0;#N/A;1.140509904;2.239170611;0;49.7;81.92275238;0;4.302000046;#N/A;1;#N/A;0;832322;1415.955313;#N/A;0;32.6425071
11352;DZA;1995;#N/A;3424.999238;1.836410357;1.909821478;29.77962649;37.1;0;0;31.84000015;2.673594356;1;91.2;3008;28757785;1452.269445;4.7;54.68;0
10718;DZA;1996;#N/A;1620.000164;2.290847629;1.753175796;18.67907586;36.3;0;0;28.58499908;2.50218252;1;90.9;1084;29266405;1603.937921;5;71.97;0
15464;DZA;1997;#N/A;4904.99967;-0.519933002;1.615283298;5.733522754;35.5;0;0;25.43000031;2.553365736;1;90.5;1403;29742979;1619.806224;5.2;51.32;0
20255;DZA;1998;#N/A;4430.000811;3.534351332;1.500885768;4.950161638;34.9;0;0;26.80200005;2.527980384;1;90.2;3029;30192754;1596.003714;5.4;60.14;0
16632;DZA;1999;6.029875894;1518.99995;1.748716639;1.416265671;2.645511134;34.4;0;0;28.36499977;2.383331292;1;89.9;1016;30623406;1588.347503;5.7;66.98;11.10802298
20509;DZA;2000;6.386386713;2534.000207;2.39950644;1.358407806;0.339163189;33.9;0;0;29.77000046;2.55856124;1;89.5;932;31042235;1764.97383;5.9;53.62;8.395983897
24448.5;DZA;2001;6.407987964;1330.000005;1.659659532;1.30984253;4.225988349;33.2;0;0;27.29999924;2.97171746;1;89.2;642;31451514;1740.642423;6.1;62.47;9.748769871
31315;DZA;2002;7.138068728;1613.000229;4.262078601;1.275065543;1.418301923;32.4;0;0;25.89999962;2.85227361;1;88.8;539;31855109;1781.837365;6.3;65.86;9.226585301
37152;DZA;2003;8.532474365;931.9999426;5.840908374;1.275914635;4.268953958;31.3;0;0;23.71999931;2.802237023;1;88.5;670;32264157;2103.413058;6.5;83.71;9.810753179
38938;DZA;2004;9.983282098;576.9999903;2.934503755;1.317846191;3.961800303;30.1;0;0;17.64999962;2.566248072;1;88.1;397;32692163;2609.945608;6.7;94.23;9.438779659
33946;DZA;2005;12.76713117;323.9999945;4.438277124;1.389900523;1.382446567;28.8;0;0;15.27000046;2.280233074;1;87.7;217;33149724;3113.101094;6.9;98.21;7.692409415
40464;DZA;2006;14.26019577;405.9999934;0.214819131;1.471122982;2.311499185;27.6;0;0;12.27000046;2.334850671;1;87.4;255;33641002;3478.654871;7;107.57;7.543374699
37001;DZA;2007;11.8691088;699.0000237;1.808249406;1.551382583;3.678995747;26.4;0;0;13.78999996;2.705570791;1;87;472;34166972;3950.519369;7.2;89.86;7.570913834
32645;DZA;2008;14.77351043;505.0000125;0.738171148;1.636192663;4.858590628;25.3;0;11.42835045;11.32999992;3.062803893;1;86.6;339;34730608;4923.629265;6.7;97.32;6.587466157
30089;DZA;2009;13.7661997;637.0000069;-0.134667549;1.722093224;5.737060361;24.4;98.74726868;0;10.15999985;3.83796598;1;86.2;505;35333881;3883.261271;6.9;128.63;9.343900482
27893;DZA;2010;16.24470269;318.0000018;1.746776463;1.805018696;3.911061955;23.6;98.87762451;0;9.960000038;3.593208526;1;85.7;236;35977455;4480.799271;7.1;137.54;8.466760065
28162;DZA;2011;18.94769802;341.0000022;0.980204695;1.883313834;4.524211505;22.9;99.04978943;0;9.960000038;3.775729308;1;85.3;267;36661444;5455.853529;7.4;153.67;8.110220029
30721;DZA;2012;18.23462982;289.0000013;1.401796703;1.951415209;8.891450911;22.5;98.76466047;0;10.97000027;4.52025089;1;84.9;256;37383887;5592.257099;7.6;159.93;8.770674349
31676;DZA;2013;18.17860137;216.0000006;0.761674962;2.002727839;3.25423911;22.1;99.53858185;0;9.819999695;5.188359049;1;84.5;147;38140132;5499.581487;7.8;179.09;9.851693006
31335;DZA;2014;13.76957872;113.999999;1.710449517;2.033592452;2.916926921;21.9;99.84082031;0;10.20699978;5.24414553;1;84;107;38923687;5493.02559;7.9;141.64;10.28644397
37043;DZA;2015;13.14318995;114;1.6004783;2.045387243;4.784447007;21.6;99.93136597;0;11.20600033;#N/A;1;83.6;110;39728025;4177.892515;7.9;152.18;11.57861985
31779;DZA;2016;12.62979263;92.00000004;1.104567921;2.051354584;6.397694803;21.3;99.99005127;0;10.20199966;#N/A;1;#N/A;86;40551404;3946.443977;8;154.33;12.21951971
31017;DZA;2017;0;134.9999963;-0.750499559;2.044952503;5.59111591;20.9;100;0;11.99600029;#N/A;1;#N/A;60;41389198;4044.2766;8;0;11.94571402
33194;DZA;2018;0;#N/A;-0.615183264;2.00737383;4.269990205;20.4;100;0;11.88199997;#N/A;1;#N/A;33;42228429;4114.715061;#N/A;0;11.97930806
1864;EGY;1995;4.379794073;361.00001;2.563796065;2.006437925;15.7422305;49.4;95.5;0;11.03999996;1.646025042;1;94.6;187;62334034;965.11073;4;68.81;15.71078431
1967;EGY;1996;4.686913548;245.9999978;2.896281178;2.013151446;7.187103697;46.6;96.15325165;0;9;1.620664666;1;94.9;85;63601629;1063.333095;4.2;75.53;16.11508282
2573;EGY;1997;4.880314456;235.9999998;3.394219504;2.008942707;4.625605788;44;96.40142059;0;8.369999886;1.785539455;1;95.1;66;64892270;1208.719901;4.3;76.87;15.75103422
3614;EGY;1998;4.789580303;31.00000001;3.48951432;1.995601608;3.872575464;41.5;96.65233612;0;8.029999733;1.969811265;1;95.4;27;66200269;1281.39672;4.5;76.08;15.88448156
5014;EGY;1999;5.183344438;5.999999999;3.987331989;1.967402261;3.079499126;39.2;96.90237427;0;7.949999809;2.1234134;1;95.6;0;67515591;1343.551963;4.6;82.46;15.90864759
6507;EGY;2000;5.584346105;2;4.336347588;1.930382623;2.683805353;37.2;97.7;0;8.979999542;2.246958395;1;95.9;0;68831561;1450.476242;4.8;86.77;15.53807704
7321;EGY;2001;5.548075728;3.999999999;1.585498112;1.901136361;2.269757205;35.2;97.38194275;0;9.260000229;2.327558282;1;96.1;0;70152661;1391.707846;4.9;85.17;15.35126847
5743;EGY;2002;5.796224195;23.00000011;0.481792714;1.881450018;2.73723855;33.5;97.60253906;0;10.01000023;2.403817061;1;96.4;0;71485043;1228.937975;5.1;89.29;15.40485616
9019;EGY;2003;5.941109647;0;1.293201932;1.858612723;4.507776363;32;98.8;15.3519001;11.01000023;2.068547965;1;96.6;0;72826097;1138.664673;5.3;90.82;15.28670659
14348;EGY;2004;6.72112329;61.99999986;2.203147324;1.831333842;11.27061933;30.6;97.98298645;14.74870968;10.31999969;1.985911495;1;96.9;0;74172073;1063.003663;5.4;95.91;14.26993612
8338;EGY;2005;7.054884981;129.0000001;2.602220204;1.805707506;4.869396969;29.4;99.4;15.04360962;11.19999981;1.985040988;1;97.1;0;75523569;1187.51969;5.6;98.64;13.9818013
8117;EGY;2006;7.96618468;23.99999994;4.967392881;1.771855438;7.644526445;28.2;99.04;11.01858997;10.48999977;2.287519277;1;97.3;0;76873663;1398.190624;5.8;105.45;13.23720253
7059;EGY;2007;8.057301273;0;5.22829914;1.75170475;9.318969058;27.1;98.40703583;11.20963955;8.800000191;2.046695736;1;97.6;0;78232126;1667.843721;6;108.13;13.42012621
8427;EGY;2008;8.875524076;16;5.267160095;1.778686233;18.31683168;26.1;99.8;10.94180012;8.517000198;2.029727197;1;97.8;0;79636079;2044.527855;6.2;112.1;12.63024009
11188;EGY;2009;8.695988916;11;2.740072921;1.864470038;11.76349544;25.1;98.70572662;0;9.086999893;2.058126846;1;98.1;0;81134798;2329.23948;6.4;113.03;12.99794665
12624;EGY;2010;7.773170834;45.00000003;3.080864616;1.984783112;11.26518827;24.1;99.15289307;0;8.756999969;1.872592845;1;98.3;0;82761235;2644.817039;6.5;103.7;13.34075916
13200;EGY;2011;7.833958948;118.0000019;-0.363937291;2.113785288;10.06492599;23.1;99.45224762;0;11.84899998;1.990804136;1;98.6;0;84529250;2791.954962;6.7;108.65;13.8691051
13203;EGY;2012;10.19980433;116.0000003;-0.012959637;2.214742178;7.111729433;22.2;99.7;0;12.59700012;1.909231327;1;98.8;0;86422240;3232.648892;6.8;114.98;11.27276527
16955;EGY;2013;9.858661825;384.0000077;-0.105957426;2.267940686;9.469719811;21.4;99.73120117;0;13.15400028;2.057468101;0;99.1;0;88404640;3264.378787;6.9;111.15;11.2743496
15285;EGY;2014;10.27632662;262.9999996;0.61685323;2.25924945;10.07021547;20.6;99.8;0;13.10499954;2.155384501;1;99.2;184;90424654;3378.831358;7;116.51;11.33770892
15032;EGY;2015;10.529149;223.999997;2.093722196;2.207038658;10.37049034;19.9;99.3;0;13.05200005;#N/A;1;99.4;767;92442547;3598.970948;7.1;119.97;11.39408323
15172;EGY;2016;10.58770113;366.9999991;2.132012009;2.14522549;13.81360621;19.2;100;0;12.40699959;#N/A;1;#N/A;355;94447072;3525.020165;7.2;124.61;11.76931597
15503;EGY;2017;0;1188.999833;2.025577858;2.09083472;29.50660839;18.5;100;0;11.73700047;#N/A;1;#N/A;497;96442593;2440.510173;7.2;0;11.4852853
15059;EGY;2018;0;#N/A;3.194431298;2.033262176;14.40146578;17.9;100;0;11.59200001;#N/A;1;#N/A;704;98423595;2549.132252;#N/A;0;11.22500113
387;ERI;1995;4.459466547;0;3.521384782;-0.642512632;0;72.6;22.9;0;5.413000107;2.171974402;0;48.4;0;2204222;262.2311296;#N/A;83.89;18.81166707
646;ERI;1996;4.165184149;19.99999983;9.644745023;-0.352581758;0;68.6;24.71693993;2.9151299;5.427999973;1.321100351;0;48.9;0;2196464;315.7511137;#N/A;67.59;16.22737377
604;ERI;1997;4.737570374;30.99999701;7.971851813;-0.058520241;0;64.9;25.84407425;0;5.414000034;1.770926971;0;49.4;31;2195179;312.726247;#N/A;71.61;15.11534275
441;ERI;1998;5.717443511;113.0000373;1.253533542;0.511313904;0;61.7;26.97395706;6.250919819;5.407999992;1.85142628;0;49.9;10;2206432;337.8876643;#N/A;133.6;23.36708701
653;ERI;1999;4.734988522;24082.55725;-1.371033302;1.393998095;0;58.8;28.10296249;5.565539837;5.460999966;1.996568895;0;50.5;17203;2237405;307.9108725;#N/A;107.59;22.72233597
935;ERI;2000;5.603465975;1812.000061;-5.466283031;2.428957109;0;56.2;29.22662163;0;5.43900013;1.588511165;0;51;25000;2292416;308.1337836;#N/A;70.55;12.59042177
868;ERI;2001;5.948359639;0.538822232;4.986057196;3.527409475;0;53.9;30.34046555;5.861609936;5.434999943;1.386781377;0;51.5;0;2374722;316.82382;#N/A;90.2;15.1638444
893;ERI;2002;4.140625384;1.538822235;-1.409294388;4.38047041;0;51.7;32.2;5.633379936;5.493999958;1.640469343;0;52.1;0;2481058;293.9557909;#N/A;56.32;13.60181006
1296;ERI;2003;5.67205806;81.99999673;-7.143476239;4.720052368;0;49.7;32.52082825;0;5.5;1.291688995;0;52.6;57;2600973;334.5854429;#N/A;67.1;11.82992122
1353;ERI;2004;6.437533752;57.07764718;-2.980758192;4.467384542;0;47.8;33.5784111;5.741849899;5.443999767;1.236014558;0;53.1;0;2719803;407.7699765;#N/A;68.51;10.6422743
2174;ERI;2005;5.277876057;161.2693891;-1.303165484;3.853599765;0;46.1;34.61097336;0;5.373000145;1.095939139;0;53.7;0;2826659;388.5951226;3.7;119.28;22.60000021
1965;ERI;2006;4.560975628;2.053882215;-4.075877382;3.187325236;0;44.5;35.62742615;5.168069839;5.225999832;1.470450528;0;54.2;0;2918205;415.0365994;3.7;112.2;24.5999999
3383;ERI;2007;5.335453044;11.00000014;-1.224527498;2.648825363;0;43;36.63935852;0;5.099999905;1.490338129;0;54.8;0;2996536;439.8326905;3.8;129.47;24.26598059
1762;ERI;2008;3.538323342;224.3882206;-11.73427848;2.18657189;0;41.6;37.65834427;0;5.05700016;1.931429607;0;55.3;0;3062779;450.6328403;3.8;59.36;16.77630738
2391;ERI;2009;5.84810747;8.323293352;1.974014581;1.84846867;0;40.3;38.69598007;0;5.340000153;1.397960224;0;55.9;0;3119920;595.1099872;3.8;82.6;14.12422744
2239;ERI;2010;#N/A;86.99998986;0.565915707;1.606144198;0;39.1;39.76383972;0;5.409999847;1.424863559;0;56.4;0;3170435;501.3556333;3.9;78.38;0
1929;ERI;2011;#N/A;25.99999958;7.207605266;1.363875294;0;38;40.87351227;0;5.412000179;1.40782257;0;57;0;3213972;642.5076591;3.9;77.05;0
1757;ERI;2012;#N/A;0;0;0;0;36.9;42.03316879;0;5.426000118;1.383976464;0;57.5;0;0;0;3.9;80.21;0
4953;ERI;2013;#N/A;80.00000904;0;0;0;35.8;43.23731995;0;5.443999767;1.37826626;0;57.6;0;0;0;3.9;79.18;0
15449;ERI;2014;#N/A;10.00000004;0;0;0;34.9;44.47707367;0;5.381999969;1.527464004;0;57.7;0;0;0;3.9;75.67;0
18837;ERI;2015;#N/A;9.999999808;0;0;0;34;45.74351883;0;5.337999821;#N/A;0;57.8;0;0;0;3.9;76.65;0
13917;ERI;2016;#N/A;25.00000056;0;0;0;33.1;47.02776718;0;5.284999847;#N/A;0;#N/A;25;0;0;3.9;80.32;0
9967;ERI;2017;#N/A;0;0;0;0;32.2;48.32091522;0;5.19299984;#N/A;0;#N/A;0;0;0;4;0;0
7298;ERI;2018;#N/A;#N/A;0;0;0;31.3;49.61554337;0;5.104000092;#N/A;0;#N/A;0;0;0;#N/A;0;0
1823;GHA;1995;1.61584006;2.000000001;1.34419684;2.694865393;59.4615537;72.4;34.21460724;0;6.386000156;1.622871382;1;63.2;0;17014057;379.9880073;5.7;62.66;38.7785905
1798;GHA;1996;1.747397123;2.999999998;1.916257294;2.601561079;46.56101968;71.3;36.28360748;0;6.982999802;2.018927102;1;64.7;0;17462496;397.1359369;5.8;68.07;38.95508303
1890;GHA;1997;1.859335648;3.000000006;1.598637518;2.52470467;27.88520864;70;38.35560226;0;7.574999809;1.435605533;2;66.2;0;17908985;384.7961564;5.8;66.53;35.78159763
1925;GHA;1998;2.027261133;4.000000015;2.144238961;2.471692902;14.62416667;68.3;42.6;0;8.199999809;1.772753783;2;67.6;0;18357156;407.5233036;5.9;73.01;36.01410731
3793;GHA;1999;2.172944235;0;1.873828223;2.449457623;12.40866891;66.3;42.50421143;14.8927002;10.10000038;1.593377538;2;69.1;0;18812359;410.3342297;6;77.74;35.77634379
5061;GHA;2000;2.216802555;33.00000017;1.190736061;2.449490386;25.19321937;64.1;43.7;0;10.35999966;1.498094341;2;70.5;0;19278856;258.4709595;6.1;78.19;35.27152196
4639;GHA;2001;2.309757156;17.99999994;1.483440437;2.449526332;32.9054089;61.9;46.63143539;15.74110985;9.281000137;2.045003688;2;71.8;0;19756928;269.0149984;6.2;81.4;35.24180012
4520;GHA;2002;2.571953745;37.99999984;1.973728918;2.447184688;14.81624006;59.7;48.67585754;0;8.340999603;1.508850229;2;73.1;0;20246381;304.5645608;6.2;90.4;35.14837706
6608;GHA;2003;2.56502829;7.000000003;2.645233338;2.458459468;26.67494973;57.8;48.3;0;7.382999897;1.580562376;3;74.5;0;20750299;367.8215216;6.3;93.74;36.5454059
7802;GHA;2004;2.568215264;2.000000001;3.008570064;2.484618189;12.62457406;56.2;52.70396423;22.37924957;6.422999859;2.399043819;3;75.8;0;21272323;417.5081649;6.4;97.47;37.95242609
6942;GHA;2005;2.66307013;2;3.267295838;2.517455761;15.11818572;54.8;54.68138504;23.42996025;5.520999908;2.923944957;3;77;0;21814642;491.9463779;6.4;99.74;37.45301293
4925;GHA;2006;3.550733805;2.999999999;3.716443793;2.554408108;10.91516997;53.5;55.09345008;24.16197968;4.635000229;3.044228156;3;78.3;0;22379055;911.9986756;6.5;102.79;28.94894567
4865;GHA;2007;3.659763356;5.999999995;1.689108882;2.5799944;10.73272807;52.1;58.59949112;22.31702042;4.666999817;3.729887891;3;79.5;0;22963946;1078.160509;6.5;99.89;27.29411448
7510;GHA;2008;3.820716482;28.99999979;6.371104419;2.578727625;16.52214331;50.5;60.5;24.03750038;4.763999939;3.223054494;3;80.7;0;23563825;1210.622257;6.6;112.36;29.40809676
6141;GHA;2009;4.022471349;20.99999986;2.21104946;2.54383881;19.25071443;48.8;62.54583359;22.49513054;5.125;3.674963362;3;81.9;0;24170940;1074.75538;6.7;124.67;30.99338421
6619;GHA;2010;4.552986664;3.999999995;5.24929629;2.487041563;10.70756812;47;64.2;20.69614029;5.320000172;3.829376748;3;83.1;0;24779619;1299.344949;6.7;127.66;28.03873796
6663;GHA;2011;5.601827785;4.99999999;11.3154464;2.424369788;8.726836831;45.2;64.06256;30.63430977;5.618999958;3.575520486;3;84.3;0;25387710;1549.462902;6.8;132.56;23.66370497
7680;GHA;2012;6.334960917;14.99999999;6.733563592;2.369475311;7.12635006;43.4;69.21807098;37.52096176;5.936999798;3.140675827;3;85.4;0;25996449;1587.561237;6.8;140.2;22.13115469
7836;GHA;2013;7.080309433;15.99999997;4.847493942;2.323851599;11.66619231;41.8;70.7;21.22220993;6.269000053;3.242160133;3;86.5;0;26607642;2345.392906;6.9;144.81;20.45249595
7025;GHA;2014;7.583113826;11.99999998;0.566072146;2.291780693;15.48961603;40.2;78.3;20.98513985;6.52699995;2.128885085;3;87.6;0;27224472;1971.033347;6.9;151.66;19.99969979
9055;GHA;2015;7.512158922;25.00000004;-0.113926824;2.268814549;17.1499695;38.8;75.71823883;23.80879974;6.806000233;#N/A;2;88.7;0;27849205;1743.850996;6.9;152.1;20.24717549
9142;GHA;2016;7.354759946;27.00000019;1.149647352;2.246599268;17.45463471;37.4;79.3;22.09332085;5.449999809;#N/A;2;#N/A;0;28481946;1931.38947;7.1;154.28;20.97689131
11188;GHA;2017;0;48.99999986;5.768551488;2.22053243;12.37192155;36.1;79;20.09763908;4.22300005;#N/A;3;#N/A;0;29121471;2025.932424;7.1;0;19.69615516
10564;GHA;2018;0;#N/A;3.958667147;2.192828837;7.808765166;35;82.39457703;18.59816933;4.157000065;#N/A;3;#N/A;0;29767108;2202.312164;#N/A;0;18.27153439
485;GIN;1995;3.944111365;0;1.895086533;2.627318597;0;118.4;0;0;4.474999905;1.24440635;1;57.6;0;7269625;508.1078294;1.3;73.04;18.51874687
827;GIN;1996;4.253593162;29.00000003;1.744193196;2.635754789;0;114.6;0;0;4.487999916;0.769224234;1;58.6;0;7463782;518.3742332;1.4;74.01;17.39940732
1114;GIN;1997;3.779819229;0;2.459524166;2.622057854;0;111;0;0;4.477000237;0.753971712;1;59.6;0;7662075;493.8334004;1.4;76.04;20.11736419
1779;GIN;1998;3.72612137;38.99999889;1.024189615;2.560313058;0;107.2;0;0;4.473999977;0.948582871;1;60.7;0;7860781;456.4910353;1.4;78.86;21.16409858
1084;GIN;1999;3.796149486;93.99998876;1.312162149;2.43751451;0;103.6;16.4;14.65855026;4.518000126;1.034078996;1;61.7;0;8054743;429.719768;1.4;81.6;21.49546542
1463;GIN;2000;4.126903844;1152.999402;0.189644551;2.282782176;0;99.9;15.53915501;15.19596958;4.500999928;1.095939452;1;62.7;217;8240730;363.482479;1.5;86.59;20.98183124
1577.5;GIN;2001;3.919379999;489.0000295;1.486542129;2.117416133;0;96.3;16.77805328;10.31575966;4.499000072;1.27041596;1;63.7;430;8417081;336.6300919;1.5;85.21;21.74068348
1739;GIN;2002;4.124056442;14.00000006;3.094736454;1.987849488;0;92.9;18.00266647;13.06431961;4.548999786;1.313300227;1;64.8;0;8586074;343.5373419;1.5;89.21;21.63161471
2255;GIN;2003;4.487976134;0;-0.683337557;1.926553518;0;89.6;19.2085247;11.62475014;4.553999901;1.313311747;1;65.8;0;8753093;393.7399293;1.5;93.26;20.7799679
3565;GIN;2004;4.157552779;4.000000011;0.36055984;1.953244988;0;86.7;20.39115906;12.31330013;4.508999825;0.879682253;1;66.8;0;8925743;410.7612161;1.6;96.93;23.31419591
3433;GIN;2005;4.516839755;3.999999993;0.918712352;2.03871433;31.37330259;84;20.2;10.94746971;4.452000141;0.554865842;1;67.8;0;9109581;322.4156816;1.6;100.64;22.28106496
3524;GIN;2006;6.572529319;17.00000034;-0.970603042;2.148575191;34.6952706;81.7;22.69028473;0;4.333000183;0.66542757;1;68.8;0;9307425;453.4035185;1.6;102.43;15.58456342
4165;GIN;2007;6.333641001;44.99999972;4.462259223;2.238929422;18.17556561;79.6;23.82727051;0;4.231999874;0.418226466;1;69.8;0;9518162;659.992723;1.6;106.53;16.81970923
4079;GIN;2008;6.964953061;3.99999998;1.773901121;2.291532239;23.06561294;77.7;24.97131348;15.67825985;4.198999882;0.784624403;1;70.8;0;9738792;715.0968204;1.6;111.3;15.98000719
3585;GIN;2009;6.730796726;160.0000024;-3.362033194;2.290858042;4.68438869;76.1;26.13400078;13.58339977;4.428999901;1.346498634;0;71.8;0;9964469;674.0855502;1.6;110.12;16.36061888
3424;GIN;2010;6.713774333;1.999999999;2.471690639;2.259470138;15.46198107;74.6;27.32691574;12.43832016;4.486999989;2.011768888;1;72.8;0;10192176;672.4244026;1.6;117.39;17.48494873
3366;GIN;2011;7.670312409;4.999999992;3.298323484;2.215186971;21.35046642;73.3;28.56164169;14.25930977;4.489999771;1.977158975;1;73.8;0;10420471;651.1353635;2;123.26;16.06974963
3885;GIN;2012;7.484698555;9.999999983;3.612859907;2.19781536;15.22510139;72;26.2;9.46061039;4.501999855;2.098946177;1;74.8;0;10652029;717.0507379;2.4;125.98;16.83167319
4670;GIN;2013;7.466968828;95.99999189;1.648009616;2.235254811;11.88789561;70.8;31.17556;14.13280964;4.518000126;2.378242841;1;75.7;0;10892810;769.0039433;2.6;131.01;17.54527212
4930;GIN;2014;7.315758007;0;1.295762762;2.342417883;7.070933095;69.8;32.54036331;11.98950958;4.467999935;2.736244781;1;76.7;0;11150977;787.2380702;2.6;128.2;17.52381638
6022;GIN;2015;7.095371932;7.999999978;1.272879681;2.48970209;10.82180835;68.7;33.93186569;11.59877968;4.434000015;#N/A;1;76.8;0;11432088;769.2560137;2.6;131.11;18.47824205
8693;GIN;2016;7.614406106;1.000000001;7.926215738;2.644487343;8.172116963;67.4;33.5;15.76885986;4.392000198;#N/A;1;#N/A;0;11738441;732.9665707;2.6;133.94;17.59034101
13224;GIN;2017;0;28.00000013;7.329052599;2.765010865;8.91452597;66.3;35.4;13.37679005;4.31799984;#N/A;1;#N/A;0;12067539;856.5652698;2.6;0;18.79978311
12150;GIN;2018;0;#N/A;3.21509689;2.833136353;9.826001808;65.1;44;14.87012005;4.247000217;#N/A;1;#N/A;0;12414318;983.3094922;#N/A;0;20.52399636
405;GMB;1995;2.794172551;0;-2.18981554;3.092130547;6.980974418;71.1;19.95032501;0;9.383000374;1.041104569;0;79.3;0;1128575;696.4508185;1.8;59.68;21.3587382
382;GMB;1996;2.624556935;0;-0.895258172;3.098474998;1.099488708;69;21.6046257;0;9.402999878;0.896204512;1;80;0;1164091;728.6690719;1.8;47.1;17.94588617
492;GMB;1997;2.963993542;0.999999996;1.716368378;3.081926914;2.7812279;67;23.26192093;0;9.38599968;0.921290897;1;80.7;0;1200526;669.3988656;1.9;61;20.58034174
600;GMB;1998;3.081202899;0;0.356942507;3.083834438;1.114188412;65;24.92196274;0;9.380000114;1.194823096;1;81.3;0;1238125;678.6756302;1.9;59.17;19.20353899
545;GMB;1999;3.790982443;0;3.150179992;3.101958351;3.812372054;63.1;26.58112907;0;9.446000099;1.25261532;1;82;0;1277133;637.9315702;2;91.03;24.01224521
1102;GMB;2000;4.152079686;2.000000012;2.251821371;3.127234728;0.844969567;61.3;34.3;11.92179966;9.420000076;1.234866709;1;82.7;0;1317703;594.151643;2;101.86;24.53228447
1131.5;GMB;2001;4.424275405;2.000000012;2.50396502;3.164904077;4.492596092;59.5;29.87895203;8.205269814;9.416999817;1.55374665;1;83.3;0;1360074;505.4201497;2.1;112.49;25.42563238
1257;GMB;2002;2.672753632;0.999999996;-6.294371704;3.197207573;8.609124744;57.7;31.50867271;10.94752026;9.489999771;1.407356893;1;84;0;1404261;411.7724804;2.1;64.48;24.12493214
1256;GMB;2003;3.185624144;0;3.50423128;3.200064519;17.03286654;56;27.8;8.468839645;9.498000145;2.123974878;1;84.6;0;1449925;335.906217;2.2;85.21;26.74829049
2332;GMB;2004;3.479075891;0.999999997;3.716452327;3.163525929;14.20674328;54.3;34.70737839;5.029540062;9.430999756;2.514850239;1;85.2;0;1496527;642.7549298;2.3;109.6;31.50261835
2460;GMB;2005;2.86158271;3.000000023;-5.338218319;3.106160117;4.838621775;52.6;30.4562675;5.344170094;9.345000267;2.897599008;1;85.9;0;1543741;665.7219407;2.4;91.83;32.09063281
2516;GMB;2006;3.850356658;0;-3.53645469;3.043371713;2.056503424;51.1;37.81671524;5.360760212;9.166000366;3.244630936;1;86.5;0;1591445;662.362461;2.5;98.57;25.60022584
3338;GMB;2007;2.761582613;0;0.001746634;2.996114606;5.369134738;49.5;39.35880661;7.297500134;9.01099968;3.40312534;1;87.1;0;1639848;780.3800991;2.5;65.08;23.56619704
3065;GMB;2008;3.395049013;0;3.146321774;2.970180788;4.443654909;48.1;40.90795517;18.88171005;8.958999634;3.527012899;1;87.7;0;1689285;924.5115164;2.6;101.09;29.77571152
2283;GMB;2009;3.926045048;0;3.540184124;2.974008271;4.561506877;46.8;42.47574997;13.29374027;9.31000042;3.482328264;1;88.3;0;1740279;833.2804027;2.7;124.59;31.73422579
2123;GMB;2010;4.120961458;0;2.782993457;2.995405745;5.049680759;45.5;47.27401352;17.61123085;9.395000458;3.433086876;1;88.9;0;1793196;860.6378737;2.8;145.03;35.19324349
2014;GMB;2011;3.129500908;0;-10.86200397;3.018401286;4.795882662;44.2;48.90287781;15.11833;9.399000168;3.735121027;1;89.5;0;1848147;762.7610541;2.9;85.13;27.20242061
2140;GMB;2012;3.932309453;8.000000055;2.100140355;3.030426733;4.254321998;43.1;50.36622238;13.79553032;9.416999817;3.672212762;1;90.1;0;1905011;742.7811378;3.1;107.72;27.39357146
2689;GMB;2013;3.705649684;0;-0.202343346;3.034826759;5.699129896;41.9;51.5;10.28876019;9.440999985;4.181628453;1;90.1;0;1963711;700.514972;3.2;97.17;26.22212251
5430;GMB;2014;3.569641307;0;-4.34615116;3.026045177;5.947999357;40.8;52.85879135;11.75232029;9.364999771;5.045612515;1;90.2;0;2024042;607.4284041;3.3;80.17;22.45883917
11886;GMB;2015;4.329798438;0;0.97413624;3.008473803;6.808454946;39.8;54.42803192;11.03293037;9.312999725;#N/A;1;90.2;0;2085860;649.5108294;3.4;96.16;22.20888602
13635;GMB;2016;4.817628305;0;-1.058248829;2.988605658;7.228792721;38.8;56.04903412;10.35778999;9.248999596;#N/A;1;#N/A;0;2149139;683.9976539;3.4;105.32;21.86137936
13626;GMB;2017;0;3.000000016;1.756616133;2.968565918;8.034189745;37.8;56.2;0;9.13599968;#N/A;1;#N/A;0;2213894;676.6559246;3.5;0;21.00189469
10528;GMB;2018;0;#N/A;3.453188862;2.946722281;6.520968239;36.8;60.3;11.18826962;9.027000427;#N/A;2;#N/A;0;2280102;712.5123711;#N/A;0;19.86609551
7243;IRN;1995;5.562148022;235.8811108;0.864266497;1.396445068;49.65598585;35.5;0;14.54695988;9.515999794;1.676071693;1;93;0;61442664;1569.255294;5.3;70.14;12.61023614
8250;IRN;1996;7.267207797;211.8822609;3.734409146;1.377543426;28.93734402;34.1;0;13.56692028;9.100000381;1.725678443;1;93.3;34;62294920;1932.804985;5.5;75.19;10.34647723
6822;IRN;1997;7.467873647;154.9298272;-0.857036578;1.341619;17.34922575;32.7;0;0;9.642999649;1.942216566;1;93.5;37;63136312;1804.336677;5.6;73.28;9.8126995
6172;IRN;1998;7.391568334;129.1986017;0.843297991;1.314685246;17.86613421;31.2;0;0;10.21199989;2.137651028;1;93.7;0;63971836;1723.835367;5.8;85.41;11.55505789
6916;IRN;1999;7.895119398;112.0058276;-0.434857401;1.287625951;20.07070781;29.7;0;20.11292076;10.86699963;1.86003165;1;93.9;19;64800880;1756.896667;6;78.28;9.914986215
8891;IRN;2000;8.399479254;141.8959228;4.53123959;1.261323234;14.47675132;28.3;97.9;20.6338501;11.45100021;1.8631225;1;94.1;40;65623405;1670.00947;6.2;76.17;9.068419327
7882;IRN;2001;9.338403977;125.054824;-0.473652305;1.250400578;11.27424713;26.8;97.80780792;24.42416954;12.07299995;2.194736416;1;94.3;112;66449112;1909.412278;6.4;77.61;8.310842002
7212;IRN;2002;12.07583332;121.8241199;5.933302091;1.249787567;14.33593374;25.5;97.99490356;26.33352089;12.80000019;2.189274716;1;94.5;0;67284796;1911.678792;6.5;94.5;7.825546897
6132;IRN;2003;12.8934077;177.308924;7.396782151;1.237968733;16.46801162;24.2;98.16323853;21.65295982;11.5539999;2.348239338;1;94.7;0;68122938;2253.936132;6.7;96.07;7.451094561
5548;IRN;2004;13.38833724;85.39168036;3.120610975;1.208619811;14.7615087;23;98.30835724;21.47405052;10.30000019;2.23931692;1;94.9;0;68951281;2756.198742;6.9;92.24;6.889578469
4417;IRN;2005;15.87662388;29.66968111;1.990106181;1.169424021;13.43311801;21.8;98.42845154;22.32196045;12.10000038;2.333458198;1;95.1;28;69762347;3246.051029;7;103.22;6.501382209
4108;IRN;2006;14.68486906;379.0000427;3.820523973;1.129472295;10.01589825;20.7;98.4;20.21824074;11.19999981;2.568090196;1;95.2;52;70554760;3774.357841;9.1;104.53;7.118211241
3767;IRN;2007;16.15181935;96.00000006;6.970587537;1.101862154;17.34104046;19.6;98.6319046;19.8744297;10.60000038;2.423964847;1;95.4;72;71336475;4904.666252;8.9;116.06;7.185568231
4425;IRN;2008;13.52328521;146.4543939;-0.839117733;1.093200579;25.41050903;18.6;98.73842621;20.57942963;10.47999954;2.437820381;1;95.5;117;72120604;5717.314465;8.6;82.8;6.122772591
5331;IRN;2009;13.64432691;311.0173818;-0.106548779;1.108950735;13.55155483;17.7;98.86359406;18.0235405;11.97000027;2.879141091;1;95.6;133;72924837;5709.94798;8.8;94.48;6.924489615
7401;IRN;2010;15.63223451;239.7936761;4.596446951;1.142144939;10.08936293;16.9;99.01898193;18.8043499;13.52000046;2.684682081;1;95.8;74;73762519;6599.660938;9;101.6;6.499390726
9147;IRN;2011;18.21280285;223.9999983;1.445852238;1.175824658;26.29338567;16.1;99.21619415;19.12669945;12.44999981;2.479033263;1;95.9;205;74634956;7781.406114;9.2;99.21;5.447267004
10776;IRN;2012;13.24693968;30.50691972;-8.553295826;1.205151389;27.25681272;15.5;99.46337891;17.39562035;12.63000011;2.687600161;1;96;0;75539862;7927.846902;9.5;100.92;7.618363371
10679;IRN;2013;10.85335605;65.99999609;-1.423452111;1.239418332;36.60303552;14.9;99.75506592;21.67391014;10.43999958;2.734040154;1;96.1;0;76481943;6018.324473;9.8;105.86;9.753665091
9216;IRN;2014;11.27756056;28.99999827;3.274962297;1.278126816;16.60655324;14.3;100;19.66485977;10.56999969;2.840802145;1;96.2;0;77465753;5585.526758;9.8;110.32;9.78225738
19367;IRN;2015;10.56968365;77.00000086;-2.611099313;1.316350598;12.48468156;13.8;99.98469543;18.56875038;11.06000042;#N/A;1;96.2;0;78492215;4904.326877;9.8;110.82;10.48470358
25357;IRN;2016;11.46682577;121.9999996;11.868692;1.356248244;7.24542549;13.3;100;19.30130959;12.43000031;#N/A;1;#N/A;22;79564016;5253.424843;9.8;110.51;9.637366278
17250;IRN;2017;0;93.99999948;2.327694199;1.385380473;8.044924377;12.9;100;20.04203033;12.10000038;#N/A;1;#N/A;27;80673951;5520.310789;9.8;0;9.499743088
21793;IRN;2018;#N/A;#N/A;0;1.386479705;18.01411834;12.4;100;21.14567947;12.03999996;#N/A;1;#N/A;60;81800269;0;#N/A;0;0
6821;IRQ;1995;4.895765426;688.2087235;-0.971544398;3.074156508;387.3108478;38.5;0;0;9.012999535;#N/A;1;78.2;657;20149338;0;4.2;100.78;20.58513659
13173;IRQ;1996;5.548719857;485.5413839;7.635447871;3.096742306;-16.11732575;37.9;0;0;9.031999588;#N/A;1;78.6;681;20783073;0;4.3;103.19;18.59708233
15291;IRQ;1997;11.70564742;450.3748926;17.52550965;3.109960929;23.06319968;37.2;0;0;9.015000343;#N/A;1;78.9;1911;21439574;0;4.5;98.99;8.456601885
11560;IRQ;1998;9.784863977;306.9662116;30.74234878;3.098707676;14.76877356;36.6;0;0;9.008999825;#N/A;1;79.4;32;22114324;0;4.7;106.75;10.9097071
9929;IRQ;1999;13.53646795;293.2152276;14.03583185;3.062551481;12.57776234;35.9;0;0;9.07199955;#N/A;1;79.9;270;22802064;0;4.9;97.51;7.203503924
13154;IRQ;2000;19.30850353;335.2038174;-1.595124481;3.004659173;4.978962132;35.3;0;0;9.045999527;#N/A;0;80.4;53;23497585;0;5;89.49;4.634745507
18315;IRQ;2001;15.24320511;306.2667835;-0.697703239;2.979294266;16.3740815;34.6;0;0;9.043000221;#N/A;0;80.8;7;24208180;0;5.2;105.65;6.930957055
13547;IRQ;2002;14.33547894;297.9661984;-9.60273921;2.945827753;19.3166946;34;0;0;9.112000465;#N/A;0;81.3;26;24931919;0;5.4;122.75;8.562671712
6932;IRQ;2003;11.56370802;762.5333931;-34.95975478;2.818021457;33.6162106;33.4;0;0;9.119000435;1.979337095;0;81.8;7927;25644499;0;5.5;97.2;8.405608293
3689;IRQ;2004;13.66998082;2366.214866;50.23649871;2.576587583;26.96190682;32.8;0;0;9.055000305;4.050409222;0;82.3;4094;26313838;1391.963489;5.7;94.85;6.938561306
3825;IRQ;2005;14.63220684;3465.292907;2.04115422;2.285938465;36.95948092;32.2;0;0;8.972000122;2.783872277;1;82.8;2608;26922284;1855.522004;5.8;100.77;6.886862735
3859;IRQ;2006;17.91613637;23266.94223;8.047833126;1.934347802;53.23096291;31.5;97.62211156;0;8.798999786;1.913571569;1;83.2;3939;27448124;2373.214785;5.9;104.38;5.826032905
5559;IRQ;2007;20.33472666;25603.13012;-0.304533686;1.673193853;-10.06749258;30.8;98.1;0;8.649000168;2.56524357;2;83.7;2217;27911248;3182.947982;6.1;100.24;4.929498276
9775;IRQ;2008;22.37653807;8793.001071;6.418958936;1.685735606;12.66285283;30.1;97.91879272;0;8.392999649;2.939574832;2;84.2;2200;28385746;4636.610978;6.2;86.1;3.847780195
14175;IRQ;2009;16.76885666;5701.98662;1.283336826;2.048283545;6.873615472;29.3;98.00717926;0;8.50399971;3.453081475;2;84.7;1043;28973162;3853.940935;6.3;87.7;5.229933191
10343;IRQ;2010;19.84393129;6238.001533;3.652116069;2.618942811;2.877747253;28.5;98.12579346;0;8.366000175;2.823249192;1;85.1;1144;29741976;4657.280426;6.4;102.44;5.162283547
8129;IRQ;2011;24.22118484;6032.006982;4.104583693;3.252703811;5.801455371;27.7;98;0;8.157999992;2.491033171;1;85.6;1072;30725300;6045.495551;6.6;110.54;4.563773437
7363;IRQ;2012;26.78291225;7307.993299;9.775158059;3.720640652;6.089096416;26.9;99.3;0;7.965000153;3.280040611;1;86.1;638;31890011;6836.027313;6.6;110.46;4.124271438
6018;IRQ;2013;27.10866363;16889.95102;3.488253135;3.896253775;1.879498007;26.1;98.75154114;0;9.277999878;3.719199111;1;86.5;1882;33157050;7076.554608;6.6;129.26;4.768217341
8112;IRQ;2014;24.85300122;33297.02646;-2.97222802;3.714855313;2.235974079;25.4;99.04205322;0;10.59000015;3.33814899;1;86.6;12179;34411951;6818.804621;6.6;121.73;4.898
67205;IRQ;2015;12.77073918;26413.05561;-0.864992152;3.316223191;1.393330288;24.6;99.35925293;0;10.7130003;#N/A;1;86.6;10058;35572261;4989.803075;6.6;61.38;4.80629971
70368;IRQ;2016;16.78421053;28579.9092;11.94474312;2.877254128;0.556521397;23.9;99.69425964;0;10.81999969;#N/A;1;#N/A;9622;36610632;4776.726499;6.7;63.78;3.8
30754;IRQ;2017;0;33240.11405;-4.940921809;2.540874669;0.184058899;23.2;99.90985107;0;13.02000046;#N/A;1;#N/A;10209;37552781;5205.288255;6.8;0;3.3
24168;IRQ;2018;0;#N/A;-2.842492724;2.318464028;0.367441489;22.5;99.9;0;12.86200047;#N/A;1;#N/A;1254;38433600;5834.166211;#N/A;0;2
2941;LBN;1995;19.11593002;124.9999863;2.677002353;3.607654464;0;21.4;0;5.916369915;8.616000175;4.242476487;1;83.3;73;3528380;3321.296325;#N/A;129.89;6.794856428
3225;LBN;1996;21.84348804;250.9999901;8.749792591;2.305312381;0;20.5;0;8.106699944;8.635000229;4.991736717;1;83.3;90;3610665;3791.605517;#N/A;135.06;6.183078443
3125;LBN;1997;17.12563038;118.9999974;-0.264258263;1.314048768;0;19.6;0;0;8.619999886;5.061636262;1;83.3;82;3658424;4305.642946;#N/A;114.83;6.705154639
2978;LBN;1998;17.40419623;70.99999954;2.680687222;0.95474793;0;18.7;0;0;8.49600029;3.144910175;1;83.3;54;3693520;4669.577803;#N/A;105.96;6.088186929
3271;LBN;1999;16.86340616;65.99999994;-1.965399483;1.457999624;0;17.8;0;0;8.440999985;2.943009427;1;84.5;41;3747766;4640.379461;#N/A;104.5;6.196850093
4146;LBN;2000;16.55468392;37.99999922;-1.163788064;2.503561342;0;16.9;0;0;8.300000191;3.20634861;1;85.7;0;3842778;4491.637259;#N/A;103.26;6.237509608
4121;LBN;2001;15.60944;4;-0.016863782;3.784653409;0;15.9;0;7.421249866;8.180999756;3.733963909;1;86.9;0;3991001;4422.387076;#N/A;91.52;5.863118728
4464;LBN;2002;17.51038239;33.94807043;-1.305198004;4.679654278;0;15;0;7.056300163;8.130999565;3.735593505;1;88.1;0;4182205;4579.459593;#N/A;99.16;5.662926018
4284;LBN;2003;17.19350241;3.999999996;-1.622608252;4.812037969;0;14;0;0;8.022999763;3.496375815;1;89.3;0;4388375;4576.390746;#N/A;94.33;5.486374897
3911;LBN;2004;27.25005089;2.597403488;2.45363981;4.04180915;0;13.1;99.9;7.931230068;7.849999905;3.711970773;1;90.5;0;4569378;4630.789572;#N/A;104.12;3.820910296
3395;LBN;2005;26.67590368;24.99999986;-0.141773294;2.792219198;0;12.1;99.60176086;8.421310425;8.288000107;3.744332947;1;91.7;0;4698763;4575.105512;7.5;95.49;3.579635058
4405;LBN;2006;22.46218247;758.9999552;0.248290985;1.289649355;0;11.2;99.38381709;7.693190098;8.62899971;3.631882475;1;92.9;588;4759753;4626.859808;7.6;100.4;4.469734859
4377;LBN;2007;19.92328832;199.7403803;9.13656818;0.159356026;0;10.5;99.9;7.341040134;8.979999542;3.715535541;1;94.1;0;4767344;5207.796;7.8;97.48;4.892766618
4316;LBN;2008;22.14120303;197.9091629;9.128713237;-0.054615545;0;9.8;99.9;5.86977005;7.438000202;3.144813413;1;95.3;0;4764741;6111.332411;7.8;100.12;4.52188618
3855;LBN;2009;23.20500335;21.79221044;9.12629003;1.008281138;1.195096712;9.3;99.78566742;5.502999783;6.355000019;3.123417148;2;96.5;0;4813026;7354.953605;7.9;91.68;3.950872086
3493;LBN;2010;26.09556197;5.194806931;4.922417632;2.867977696;3.983479419;8.8;99.87825775;5.534289837;6.419000149;2.708551485;1;97.7;0;4953061;7761.646191;7.9;100.78;3.861959367
3585;LBN;2011;23.2901682;5.00000001;-3.965946244;4.910333173;4.971485717;8.4;99.68401095;5.733809948;6.421999931;2.744396996;2;99;0;5202343;7674.83535;8;88.61;3.804609707
3615;LBN;2012;23.52924183;47.33768599;-3.6854442;6.263879893;6.581474477;8;99.99239349;7.109159946;6.434999943;3.235855284;2;99;0;5538634;7950.695378;8.1;88.54;3.762977177
3662;LBN;2013;23.96623748;239.0000574;-2.788147688;6.567952103;4.821019563;7.7;100;8.575519562;6.452000141;3.054229695;2;99;2;5914621;7931.080476;8.3;94.74;3.953061054
3770;LBN;2014;24.21293497;268.0000328;-3.228929666;5.713767406;1.854604213;7.4;100;0;6.395999908;3.043924599;2;99;134;6262410;7686.25603;8.4;97.33;4.019752258
6827;LBN;2015;28.43397885;189.9999912;-3.934312873;4.225187136;-3.749145248;7.1;100;0;6.356999874;#N/A;2;99;76;6532678;7644.548657;8.5;96.18;3.382572678
6211;LBN;2016;32.75576759;47.00000144;-1.170063488;2.69490347;-0.783359624;6.8;100;0;6.309000015;#N/A;2;#N/A;0;6711121;7629.891117;8.6;94.43;2.882851081
4289;LBN;2017;0;386.0000491;-0.640947406;1.490111794;4.321352183;6.6;100;0;6.224999905;#N/A;2;#N/A;74;6811873;7801.178658;8.7;0;2.933449914
3753;LBN;2018;0;#N/A;-2.456973123;0.54245866;6.076989079;6.4;100;0;6.143000126;#N/A;1;#N/A;0;6848925;8024.803271;#N/A;0;3.235901227
10375;MAR;1995;3.653841206;0;-6.856999638;1.529636873;6.123581648;51.3;56.5;20.47270966;13.85200024;1.184133718;0;75.8;0;26994250;1432.310151;2.8;49.3;13.49264985
10887;MAR;1996;4.944690803;0;10.75644713;1.431577587;2.986809228;49.2;61.57510757;0;13.87899971;1.14335155;0;76.4;0;27383473;1561.129441;2.9;91.18;18.4399801
21326;MAR;1997;4.759405678;5.999999999;-2.89476059;1.346089112;1.038198951;47.2;63.59751129;0;13.85700035;1.073390243;0;76.9;0;27754571;1396.769917;3;69.65;14.63418013
38551;MAR;1998;5.292788912;10;5.855785269;1.274059696;2.753113308;45.3;65.62265778;25.21153069;13.85000038;1.179102117;0;77.3;0;28110443;1472.38562;3.1;85.28;16.11248841
53532;MAR;1999;5.331201218;0;-0.179001532;1.220063548;0.684782609;43.5;67.64692688;25.76847076;13.93999958;1.149141903;0;77.8;0;28455509;1447.968739;3.2;73.92;13.86554305
81358;MAR;2000;5.461688368;1;0.667222054;1.18141041;1.894634568;41.7;69.66585541;0;13.57999992;1.229737845;0;78.3;0;28793679;1334.943051;3.4;64.87;11.87727963
81887;MAR;2001;5.505625349;0;6.026196966;1.148669219;0.619801875;40;71.6749649;0;12.46000004;1.427759227;0;78.8;0;29126330;1339.293577;3.5;72.63;13.19196193
83767;MAR;2002;6.0649118;0;1.893682386;1.121322244;2.795619669;38.4;73.66979218;0;11.59000015;1.378808948;0;79.3;0;29454768;1416.488158;3.6;80.06;13.20052173
110818;MAR;2003;7.009930147;88.99999897;4.710812722;1.107806757;1.167733675;36.8;75.64586639;0;11.92000008;1.39499543;0;79.8;0;29782884;1725.458038;3.7;97.6;13.92310593
135202;MAR;2004;7.503283655;0;3.568368841;1.109662648;1.493444034;35.3;78.2;0;10.82999992;1.429529802;0;80.3;0;30115214;1952.90183;3.8;98.75;13.16090455
132942;MAR;2005;7.558376244;0;2.084411376;1.123811218;0.98264166;33.9;79.52654266;0;11.01000023;1.438925867;0;80.8;0;30455561;2018.025743;3.9;89.31;11.81602994
126878;MAR;2006;8.228646033;1.999999999;6.322032263;1.139811914;3.28476167;32.4;96.5;0;9.670000076;1.714402504;0;81.4;0;30804683;2196.01219;4;111.93;13.60248084
133724;MAR;2007;7.96179661;2.000000001;2.324123627;1.158636566;2.042085127;31.1;83.34545898;0;9.56000042;1.898077318;0;81.9;0;31163673;2499.259938;4;86.49;10.86312603
137276;MAR;2008;8.227192743;0;4.667095676;1.190237718;3.714843115;29.8;85.25971222;17.47064018;9.569999695;1.891971766;0;82.5;0;31536811;2890.360083;4.1;98.39;11.95912179
101751;MAR;2009;9.427706645;0;2.964362835;1.23619458;0.971862999;28.5;87.19261169;17.29528999;8.960000038;2.046396065;0;83;0;31929087;2866.924199;4.2;122.83;13.02861922
84001;MAR;2010;9.589351001;13.99999998;2.485646027;1.289222897;0.993557401;27.3;91.5135498;0;9.090000153;2.067572037;0;83.5;0;32343389;2839.925168;4.2;124.12;12.94352454
74998;MAR;2011;9.64939943;18.00000001;3.835323653;1.346536709;0.90692491;26.1;92.71631622;0;8.909999847;2.08777206;0;84;0;32781850;3046.949136;4.4;126.6;13.11998751
66848;MAR;2012;9.407472468;1.000000011;1.580512366;1.393605966;1.287122401;24.9;93.75356293;0;8.989999771;2.181466365;0;84.6;0;33241898;2912.658275;4.6;115.99;12.3295604
66799;MAR;2013;9.601505547;2.000000025;3.060343754;1.415232839;1.880654667;23.8;97.2;0;9.229999542;1.95774948;0;85.1;0;33715693;3121.681176;4.8;128.56;13.38956681
63531;MAR;2014;11.07569718;1.999999999;1.229493548;1.403845047;0.442310054;22.7;91.6;0;9.699999809;2.001326276;0;85.3;0;34192347;3171.699192;5;129.15;11.6606655
68899;MAR;2015;10.9850531;2;3.1031114;1.368838447;1.557907113;21.7;99.61175537;0;9.460000038;#N/A;0;85.4;0;34663603;2875.257985;5;138.72;12.62806822
73768;MAR;2016;9.176693538;3.000000002;-0.286735807;1.32597922;1.635311143;20.7;99.74356842;0;9.300000191;#N/A;0;#N/A;0;35126296;2896.720003;5.4;110.09;11.99669571
83117;MAR;2017;0;2;2.882326342;1.287002655;0.754663249;19.9;100;0;9.187000275;#N/A;0;#N/A;0;35581294;3036.325255;5.5;0;12.35894827
107175;MAR;2018;0;#N/A;1.688275085;1.250794964;1.912959405;19.1;100;0;9.078000069;#N/A;0;#N/A;0;36029138;3222.200634;#N/A;0;12.26303778
397;MLI;1995;2.022066183;3.999999995;-1.719201231;2.65095794;13.44176968;111.8;0;0;3.298000097;2.627422294;2;36.8;0;9585653;282.341255;0.9;76.25;37.70895366
577;MLI;1996;2.174124852;0;4.314328255;2.594132954;6.805459968;110.2;6.2;0;3.305999994;2.993787617;2;38.7;0;9837571;282.6330008;1;80.18;36.87920679
1640;MLI;1997;2.298804444;5000.018645;2.162212612;2.576881356;-0.362999796;108.4;3.621666193;0;3.299999952;2.478276148;2;40.6;0;10094368;267.1891588;1;82.67;35.96217165
4399;MLI;1998;2.547404255;10002.04964;4.807838063;2.602874139;4.03658946;106.4;5.543251514;0;3.911999941;2.136752933;2;42.6;0;10360561;281.8726309;1.1;88.04;34.56067086
2800;MLI;1999;2.593113296;2008.999707;2.896519765;2.688999975;-1.201903686;104.1;7.463960171;0;4.612999916;1.819396693;2;44.6;0;10642936;323.1686388;1.1;92.2;35.55571603
2340.5;MLI;2000;2.289231743;2002.997675;-2.831820076;2.811836032;-0.677661659;101.5;9.379322052;15.32380962;5.322000027;2.069921322;2;46.6;0;10946445;269.8711377;1.2;75.32;32.90186772
2667.5;MLI;2001;2.795486729;2002.002225;12.04794879;2.927154179;5.187011919;98.7;10.8;14.49349976;6.09499979;2.872448632;2;48.6;0;11271600;307.4369205;1.3;91.73;32.81360596
3024;MLI;2002;2.60009544;2004.998293;0.041694827;3.017352755;5.032822757;96;13.17613125;14.52521038;6.980999947;2.538877445;2;50.6;0;11616887;334.8365206;1.4;85.06;32.71418375
4283;MLI;2003;3.546584756;1513.000399;5.787853267;3.100371029;-1.34672619;93.3;15.04863834;18.28376007;7.875;2.757198984;2;52.7;0;11982695;392.524759;1.5;105.96;29.87662985
7684;MLI;2004;3.227997806;499.9998124;-1.612450398;3.173547603;-3.099781281;90.6;16.89792252;17.73634911;8.75;3.091886553;2;54.7;0;12369070;440.1684418;1.6;96.89;30.01550987
5930;MLI;2005;3.168771177;11.99999999;3.145433507;3.233152498;6.397882939;88.1;18.72218895;16.28030014;9.784000397;3.038529491;2;56.7;12;12775516;489.021069;1.7;102.6;32.37848184
7735;MLI;2006;3.373893362;199.9999829;1.270556902;3.294217928;1.543525969;85.7;16.6;0;10.72900009;3.164633564;2;58.7;0;13203378;523.0386031;1.7;100.51;29.79050883
6585;MLI;2007;3.319631806;59.00000062;0.096615525;3.337406268;1.412002017;83.3;22.33397865;0;11.71000004;3.366576961;2;60.8;39;13651464;596.6901888;1.8;104.08;31.35287468
8419;MLI;2008;3.453408921;117.0000001;1.34261628;3.329047326;9.170988137;81;24.14467049;18.0316906;10.20899963;3.135697314;2;62.8;112;14113577;694.2776501;1.9;113.86;32.97032081
8000;MLI;2009;4.056314321;136.9999976;1.443562178;3.261149086;2.463751886;78.9;24.03089583;16.95940971;9.284999847;3.148995784;2;64.8;126;14581429;698.8989219;1.9;128.73;31.73570631
6548;MLI;2010;3.720223895;31.00000015;2.039447808;3.158626749;1.108926907;76.7;27.83357048;16.50391006;8.069999695;2.807459661;2;66.9;28;15049353;710.2742022;2;122.83;33.01683003
6038;MLI;2011;4.145997616;37.00000022;0.118068501;3.044593573;2.955643952;74.6;29.7349453;18.25834084;6.900000095;3.015246311;2;68.9;18;15514591;837.6034406;2;143.28;34.55863058
6395;MLI;2012;3.864711233;335.9999188;-3.721689487;2.952565219;5.323128471;72.6;25.6;22.40337944;7.096000195;2.250262582;1;70.9;218;15979499;778.6192858;2.1;147.3;38.11410248
7135;MLI;2013;4.030439433;1119.999991;-0.621491959;2.901062154;-0.606736356;70.6;33.68215942;16.62344933;7.300000191;1.134273081;1;73;808;16449864;805.032838;2.2;148.13;36.75281628
7937;MLI;2014;4.169748068;233.9999999;4.038085712;2.901921705;0.883814547;68.7;35.71361542;18.22426033;6.375;1.568172106;2;75;189;16934220;848.302758;2.3;156.18;37.4555003
10872;MLI;2015;4.551857415;248.9999844;3.095724364;2.935992047;1.450690576;67;37.6;18.15549088;7.729000092;#N/A;2;77;168;17438778;751.4786686;2.3;171.71;37.72306211
11594;MLI;2016;5.168687912;136.9999982;2.663624061;2.975295283;-1.799647071;65.2;41.23777771;13.90388012;7.552999973;#N/A;2;#N/A;96;17965429;780.38787;2.3;193.41;37.41955469
12276;MLI;2017;0;869.9999616;2.303849874;2.999115367;1.759857429;63.5;43.1;16.53433037;7.329999924;#N/A;2;#N/A;359;18512394;830.5574088;2.3;0;37.40814554
11569;MLI;2018;0;#N/A;1.549657842;3.007913579;0.299546507;61.8;50.9;0;7.110000134;#N/A;2;#N/A;517;19077690;900.1101645;#N/A;0;37.39064141
2410;NGA;1995;2.626880233;2;-2.530049603;2.489914474;72.8355023;121.3;38.36070633;0;3.759000063;0.658145013;0;46;0;107948335;408.18106;#N/A;66.95;25.48650645
3230;NGA;1996;2.66268087;28.99999998;1.634581059;2.488916992;29.26829268;119.8;39.25716019;0;3.769999981;0.600480921;0;47.2;0;110668794;461.5195779;#N/A;69.76;26.1991592
2627;NGA;1997;2.642189946;92.99999988;0.406833258;2.488785116;8.529874214;117.9;40.15660477;0;3.760999918;0.717612288;0;48.3;0;113457663;479.9837556;#N/A;72.44;27.41665114
2464;NGA;1998;2.727497028;917.9999554;0.057199724;2.491318779;9.996378124;115.5;41.05879974;0;3.757999897;0.906626186;0;49.5;0;116319759;469.4305648;#N/A;76.12;27.90837138
5027;NGA;1999;3.050504009;2699.00005;-1.895730177;2.496357004;6.618373395;112.8;44.9;0;3.792999983;0.983666146;1;50.6;0;119260063;497.8415405;#N/A;79.4;26.02848571
8482;NGA;2000;3.76874517;192.9999989;2.419141981;2.503846969;6.933292156;110;42.85608673;0;3.779999971;0.949286025;2;51.8;0;122283850;567.930736;#N/A;80.49;21.3572413
7252;NGA;2001;3.243671077;706.0000024;3.290568216;2.511616536;18.87364621;107;43.74224091;0;3.778000116;1.017707351;2;53;0;125394046;590.381815;#N/A;79.39;24.47535466
6759;NGA;2002;2.254019036;257.9999997;12.45747078;2.521515111;12.8765792;104;44.61411285;0;3.816999912;0.622004345;2;54.2;0;128596076;741.7475112;#N/A;83.32;36.96508267
9898;NGA;2003;2.59466825;385.0000101;4.65778623;2.537254552;14.03178361;101;52.2;0;3.821000099;0.906661784;1;55.4;0;131900631;795.3862467;5.2;87.77;33.82706055
12225;NGA;2004;3.440265865;1431.00022;6.489599681;2.55966188;14.99803382;98.1;46.29711914;0;3.786000013;1.414760439;1;56.6;128;135320422;1007.874328;5.2;93.68;27.2304536
11452;NGA;2005;3.812676671;77.00000009;3.721623978;2.585689094;17.86349337;95.2;47.10199356;0;3.74000001;1.19778681;1;57.8;0;138865016;1268.383443;5.2;99.47;26.08928283
10385;NGA;2006;4.319791298;51.00000004;3.326217191;2.610843826;8.22522152;92.5;47.89076233;0;3.645999908;1.204600858;1;59;0;142538308;1656.424759;5.2;106.85;24.73499126
10979;NGA;2007;3.954980016;157;3.822070229;2.632173264;5.388007969;90.1;50.13091943;0;3.565000057;1.472728808;1;60.1;0;146339977;1883.461311;5.2;97.54;24.66257721
11002;NGA;2008;4.126227387;233.0000007;3.972514064;2.649864293;11.58107517;88;50.3;0;3.539000034;1.470059403;1;61.2;0;150269623;2242.871886;5.2;104.31;25.27975078
9785;NGA;2009;3.369116235;1653.000111;5.197959199;2.662916691;12.55496039;86.1;50.27624893;0;3.721999884;1.324670016;1;62.3;405;154324933;1891.33537;5.2;90.12;26.74885451
10357;NGA;2010;4.372700005;902.0000121;5.158545242;2.671442933;13.72020184;84.6;48;0;3.76699996;0.908580697;1;63.4;0;158503197;2292.445156;5.2;104.48;23.89370409
10006;NGA;2011;4.330616217;1629.000072;2.525324016;2.677883827;10.84002754;83.3;55.9;0;3.769999981;1.151611248;1;64.5;324;162805071;2520.404166;5.5;96.29;22.23471099
12169;NGA;2012;4.915379844;3063.000105;1.472867464;2.680913555;12.21778174;82.2;53.27933121;0;3.734999895;1.033169532;1;65.5;811;167228767;2746.991789;5.7;107.45;21.85995862
12922;NGA;2013;5.023454632;4450.999718;3.853730553;2.676900328;8.475827285;81.2;55.6;0;3.703000069;0.882627256;2;66.6;1629;171765769;2998.072843;5.9;104.28;20.75862283
14119;NGA;2014;5.892871369;14075.99791;3.513963445;2.665019173;8.062485824;80.4;54.91889572;0;4.561999798;0.922535127;2;67.6;3811;176404902;3222.693537;5.9;117.8;19.99025477
23341;NGA;2015;5.823023472;0;-0.029295429;2.6474192;9.009387183;79.5;52.5;0;4.31099987;#N/A;2;68.5;4493;181137448;2730.430324;6;120.14;20.63189348
27176;NGA;2016;5.665032573;4961.000099;-4.16841477;2.627702662;15.67534055;78.5;59.3;0;7.059999943;#N/A;2;#N/A;2488;185960289;2175.99967;6.2;118.87;20.98310971
35671;NGA;2017;0;4057.999597;-1.788826785;2.607676386;16.52353998;77.3;54.4;0;8.388999939;#N/A;2;#N/A;1879;190873311;1968.559588;6.2;0;20.84657143
33198;NGA;2018;0;#N/A;-0.679719294;2.586545852;12.09473155;75.7;56.5;0;8.243000031;#N/A;2;#N/A;1173;195874740;2032.729709;#N/A;0;21.20377372
1062;SAU;2018;0;#N/A;0.607923524;1.7988753;2.45814158;6;100;0;6.039999962;#N/A;0;#N/A;11;33699947;23338.96346;#N/A;0;2.224446294
1048;SEN;1995;4.934943197;348.0000101;2.585809521;2.671640458;7.864007846;71;29.00230598;0;5.581999779;1.279853831;2;63.7;299;8690164;710.7245102;2.1;93.46;18.93841454
1290;SEN;1996;4.58421715;5;-0.536752764;2.530347846;2.754306635;71.2;30.64533234;0;5.593999863;1.484014333;2;64.4;0;8912861;719.5433474;2;81.65;17.81111089
2125;SEN;1997;4.240634538;440.0000042;0.661762764;2.416645712;1.753164781;71.1;32.2;0;5.584000111;1.284259989;2;65.2;319;9130877;647.829366;2;74.82;17.64358596
3587;SEN;1998;4.108381511;372.9999927;3.441498868;2.347649314;1.156780704;70.6;33.94012451;18.73254013;5.580999851;1.311168581;2;65.9;242;9347774;681.2600726;2;71.07;17.29878294
6168;SEN;1999;6.834023024;38.00000024;3.891491884;2.336141414;0.827250608;69.4;36.2;16.82036018;5.622000217;1.741001217;2;66.7;0;9568722;680.5723504;1.9;114.12;16.69880239
8715.5;SEN;2000;6.553573567;75.00000104;0.786817359;2.365148022;0.731981982;67.5;37.74;17.61849022;5.605999947;1.895541632;2;67.4;47;9797734;604.654066;1.9;110.5;16.86102992
7059.5;SEN;2001;6.320230495;78.00000846;2.096989108;2.403785669;2.974500839;65.1;38.86329269;15.72974014;5.605000019;2.135240269;2;68.2;33;10036104;615.2684717;2.3;103.3;16.34434062
6585;SEN;2002;4.44599235;82.00000038;-1.768607044;2.437102906;2.337301875;62.2;36.8;16.72192001;5.650000095;1.95048094;2;68.9;0;10283699;656.6227077;2.4;60.55;13.61900679
14219;SEN;2003;6.308055788;39.99999997;4.074528425;2.475669728;-0.051997024;59.2;42.08143234;16.11750984;6.712999821;2.09132832;2;69.6;39;10541467;823.7211451;2.4;95.33;15.11242183
14968;SEN;2004;6.929750692;3;3.240026145;2.516259221;0.514781781;56.1;36.8;16.96224976;7.802999973;2.119257093;2;70.4;0;10810083;940.5516918;2.4;94.96;13.70323468
12550;SEN;2005;7.7986215;1;2.955563927;2.557495148;1.711333259;53.2;47.1;21.77096939;8.94299984;2.982437419;2;71.1;0;11090116;993.9320411;2.4;113.95;14.61155667
12582;SEN;2006;7.04158143;8.000000002;-0.168340821;2.600244467;2.112285839;50.6;49.9;17.95463943;10.02999973;3.149901608;2;71.8;0;11382268;1040.903994;2.4;91.1;12.93743471
17387;SEN;2007;6.727896664;7.000000016;2.201573081;2.642725229;5.853304285;48.2;48.27550888;0;9.852000237;2.332512428;2;72.6;0;11687080;1222.372918;2.4;80.6;11.97996997
18909;SEN;2008;9.403396112;14;1.303246756;2.681436493;7.347202366;46.2;49.81338501;19.22613907;9.802000046;2.52752637;2;73.3;0;12004701;1411.929332;2.4;136.77;14.54474515
16173;SEN;2009;9.346317606;28.00000008;-0.641920073;2.714923677;-2.248021479;44.3;53.5;23.30044937;10.2329998;2.486263648;2;74.1;0;12335084;1317.235687;2.4;149;15.9421075
16974;SEN;2010;10.43023111;22.99999999;0.760392106;2.743232171;1.228681197;42.6;56.5;24.04635048;10.34500027;2.368547813;2;74.8;0;12678148;1280.22547;2.4;165.19;15.83761647
14498;SEN;2011;8.070028198;50.99999974;-1.310164403;2.766679226;3.403228298;41.1;56.5;21.08696938;10.35999966;2.2798394;2;75.6;25;13033809;1373.520789;2.4;103.97;12.88347419
13027;SEN;2012;9.03613898;24.00000002;2.229589548;2.785660419;1.418228712;39.8;56.5;20.79524994;9.427000046;2.179866218;2;76.3;0;13401991;1329.981379;2.6;126.22;13.96835532
14832;SEN;2013;8.700646045;13.99999998;-0.016039671;2.799058899;0.710245487;38.6;57;25.74234962;8.541999817;2.238315424;2;77;0;13782420;1376.069816;2.8;119.12;13.69093736
14163;SEN;2014;9.465346967;16.00000008;3.66278105;2.806700536;-1.090255074;37.5;61;24.76247025;7.611000061;2.41795607;2;77.8;0;14174731;1396.658225;2.8;126.54;13.36876508
16812;SEN;2015;12.36331534;0.999999999;3.421371972;2.80841559;0.135211934;36.4;60.5;23.75856018;6.756999969;#N/A;2;78.5;0;14578459;1219.248662;2.9;176.58;14.28257673
17578;SEN;2016;10.79088247;17.00000003;3.411791079;2.807361306;0.837284943;35.4;64.5;21.33721924;6.705999851;#N/A;2;#N/A;0;14993528;1269.902108;2.9;155.54;14.41402039
20115;SEN;2017;0;0;4.441102502;2.800658333;1.318153148;34.4;61.7;21.04521942;6.614999771;#N/A;2;#N/A;0;15419381;1361.699588;3;0;14.98203382
20677;SEN;2018;0;#N/A;3.460935262;2.78193167;0.460985642;33.6;66.95944977;21.52940941;6.52699995;#N/A;2;#N/A;0;15854360;1465.591006;#N/A;0;15.01572984
1191;SOM;1995;#N/A;133.9999966;0;1.601717747;0;103.6;0;0;11.72200012;#N/A;0;21;104;7491637;0;#N/A;84.94;0
1490;SOM;1996;#N/A;468.0000255;0;2.518189387;0;103.6;0;0;11.74499989;#N/A;0;21;440;7682686;0;#N/A;84.69;0
1223;SOM;1997;#N/A;506.9997802;0;3.245614728;0;103.6;0;0;11.72399998;#N/A;0;21.1;0;7936127;0;#N/A;86.77;0
2309;SOM;1998;#N/A;203.9999751;0;3.697576243;0;103.6;0;0;11.7159996;#N/A;0;21.8;0;8235064;0;#N/A;75.46;0
1636;SOM;1999;#N/A;78.00000357;0;3.795122857;0;103.6;0;0;11.79300022;#N/A;0;22.6;25;8553601;0;#N/A;85.88;0
1251;SOM;2000;#N/A;29.99999973;0;3.657651516;0;103.6;0;0;11.76200008;#N/A;0;23.5;0;8872254;0;#N/A;94.81;0
977.5;SOM;2001;#N/A;283.0000007;0;3.483062821;0;103.6;0;0;11.75699997;#N/A;0;24.4;228;9186725;0;#N/A;100.68;0
714;SOM;2002;#N/A;166.000018;0;3.367354455;0;103.6;7.4;0;11.84200001;#N/A;0;25.3;114;9501342;0;#N/A;106.09;0
759;SOM;2003;#N/A;472.9999928;0;3.252075163;0;103.6;9.923231125;0;11.85000038;#N/A;0;26.3;0;9815412;0;#N/A;104.88;0
749;SOM;2004;#N/A;1315.999794;0;3.157150271;0;103.6;11.52998543;0;11.77099991;#N/A;0;27.3;0;10130243;0;#N/A;104.19;0
1108;SOM;2005;#N/A;300.9998792;0;3.077643583;0;103.5;13.11172104;0;11.67000008;#N/A;0;28.4;0;10446863;0;#N/A;101.63;0
593;SOM;2006;#N/A;612.0000006;0;2.989666515;0;103.3;15.23378582;0;11.45699978;#N/A;0;29.5;547;10763905;0;2.1;94.18;0
660;SOM;2007;#N/A;2306.999463;0;2.895419473;0;102.1;16.238451;0;11.27299976;#N/A;0;30.7;1575;11080121;0;#N/A;88.94;0
1503;SOM;2008;#N/A;2317.998336;0;2.821405647;0;100.3;17.80661201;0;11.21000004;#N/A;0;30.9;1521;11397188;0;#N/A;92.61;0
2172;SOM;2009;#N/A;1912.000477;0;2.773317812;0;98.1;19.39341736;0;11.6239996;#N/A;0;31.2;1477;11717692;0;#N/A;93.17;0
3907;SOM;2010;#N/A;3205.001756;0;2.745705976;0;95.6;21.01045036;0;11.72399998;#N/A;0;31.4;2150;12043883;0;#N/A;105.41;0
2219;SOM;2011;#N/A;2581.002174;0;2.722661885;0;93;22.66929626;0;11.72799969;#N/A;0;31.7;1937;12376302;0;#N/A;86.17;0
2658;SOM;2012;#N/A;3610.005337;0;2.703899313;0;90.4;24.37812614;0;11.74800014;#N/A;0;#N/A;2624;12715510;0;#N/A;109.62;0
5412;SOM;2013;#N/A;1996.998227;0;2.701534265;0;87.9;26.13145065;0;11.77499962;#N/A;0;#N/A;913;13063706;0;#N/A;109.06;0
8461;SOM;2014;#N/A;1748.001278;0;2.717471318;0;85.3;27.92037392;0;11.68500042;#N/A;0;#N/A;1111;13423576;0;#N/A;98.07;0
11317;SOM;2015;#N/A;1668.001245;0;2.74531815;0;82.8;29.73599434;0;11.62300014;#N/A;0;#N/A;1197;13797201;0;#N/A;98.42;0
10164;SOM;2016;#N/A;2583.001551;0;2.776253649;0;80.4;31.56941414;0;11.54599953;#N/A;0;#N/A;1925;14185613;0;#N/A;91.19;0
9073;SOM;2017;#N/A;5444.991152;0;2.80476949;0;78.2;33.41173553;0;11.41100025;#N/A;0;#N/A;1913;14589119;0;#N/A;0;0
7655;SOM;2018;#N/A;#N/A;0;2.831767652;0;75.9;35.25553513;0;11.27999973;#N/A;0;#N/A;2207;15008154;0;#N/A;0;0
2069;SYR;1995;2.382490203;0;2.838093687;2.792211696;7.979957806;24.4;0;0;7.199999809;2.189237706;1;86.1;0;14345492;794.445153;4.5;67.19;28.20158501
2929;SYR;1996;2.825670685;14.99999997;1.508401151;2.808811041;8.249890099;23.3;0;15.04076004;7.302000046;1.954094696;1;86.4;0;14754142;934.6230285;4.5;78.32;27.71731342
2674;SYR;1997;2.620095285;70.05193161;-1.025345658;2.814630353;1.886111362;22.2;0;0;7.375999928;1.877760477;1;86.7;0;15175316;955.8439487;4.5;67.53;25.77387181
3058;SYR;1998;2.945580759;13.61038605;3.445121352;2.757453551;-0.797165633;21.3;0;0;7.459000111;1.960923229;1;87;0;15599591;974.4387618;4.5;86.56;29.38639511
3856;SYR;1999;2.777376633;6.726682976;-6.049399597;2.621770701;-3.703703704;20.4;0;0;7.599999905;2.01442573;1;87.2;0;16013985;991.2508329;4.6;67.03;24.13428528
4797;SYR;2000;3.367047074;6.805193041;0.25823024;2.44801766;-3.846153846;19.6;0;0;9.498999596;1.989779169;1;87.5;0;16410848;1177.629268;4.6;81.29;24.1428166
4373.5;SYR;2001;3.161614976;13.61038611;2.969039501;2.144390666;3;18.9;0;15.66205978;11.63000011;2.173051471;1;87.8;0;16766561;1258.447322;4.8;81.81;25.87601609
4091;SYR;2002;4.018828778;68.05193262;3.928419992;1.879285974;-0.130505282;18.3;86.6;16.82607079;10.98499966;2.262242934;1;88;0;17084632;1263.255122;4.7;103.32;25.70898282
3621;SYR;2003;3.784765146;54.44154383;-1.309626216;1.916484603;5.796829449;17.7;92.73641968;19.85540009;10.27999973;2.468338168;1;88.2;0;17415214;1253.395146;5.1;93.46;24.69373829
3338;SYR;2004;4.272772263;7.402596499;4.42588351;2.341624702;4.433141367;17.3;92.4484024;17.14539909;9.593999863;2.148408978;1;88.5;1;17827825;1407.178424;5.4;95.14;22.26657405
3040;SYR;2005;4.815587715;23.81817577;3.115128083;2.947799641;7.240349393;16.9;92.13536835;0;8.913999557;2.075568445;1;88.7;0;18361176;1571.738407;5.8;99.81;20.72644211
2707;SYR;2006;5.002754715;685.5191234;1.154172947;3.731453234;10.02411054;16.6;99.5057574;20.04847908;8.170000076;1.833546841;1;88.9;0;19059258;1748.90568;6.2;105.05;20.99843106
2784;SYR;2007;4.288814381;340.2596115;1.345096533;4.207340264;3.907709504;16.4;91.47255707;18.92593002;8.420000076;1.789651297;1;89.1;0;19878254;2032.623489;6.5;83.79;19.5368679
2922;SYR;2008;#N/A;137.0908774;0;3.876852433;15.74532522;16.3;91.14595032;20.04079056;10.93999958;1.596476703;1;89.3;0;20664038;0;6.3;81.36;0
3230;SYR;2009;#N/A;44.20778908;0;2.588327688;2.920897118;16.2;90.83798981;19.18404961;8.140000343;1.631376352;1;89.5;0;21205873;0;6.6;93.49;0
3924;SYR;2010;#N/A;6.805193039;0;0.736023435;4.397413832;16.2;92.7;0;8.609999657;1.507165795;1;89.7;0;21362529;0;6.3;88.03;0
5630;SYR;2011;#N/A;11337.80678;0;-1.31729901;4.753163889;16.4;91.78901672;0;8.61400032;1.507165794;1;89.9;1141;21082966;0;6.3;102.07;0
10193;SYR;2012;#N/A;60958.68303;0;-3.084734319;36.70229534;17;91.13237762;0;8.630999565;1.507165792;1;90.1;39959;20442541;0;6.3;91.58;0
21601;SYR;2013;#N/A;50783.3487;0;-4.289117543;0;17.4;90.23526764;0;8.652999878;1.507165795;0;90.1;69199;19584274;0;6.3;81.63;0
71962;SYR;2014;#N/A;73538.91902;0;-4.536564951;0;17.7;89.89109039;0;8.581000328;1.507165795;0;90.1;57297;18715672;0;5.6;54.83;0
313162;SYR;2015;#N/A;55169.91292;0;-3.913350021;0;17.8;89.81194305;0;8.531000137;#N/A;0;90.1;46020;17997408;0;5.1;70.2;0
184910;SYR;2016;#N/A;55472.16964;0;-3.066273746;0;18;89.75059509;0;8.468999863;#N/A;0;#N/A;41340;17453933;0;5.1;77.99;0
83362;SYR;2017;#N/A;41378.34528;0;-2.235952757;0;18.1;89.69814301;0;8.362000465;#N/A;0;#N/A;21108;17068002;0;5.1;0;0
53678;SYR;2018;#N/A;#N/A;0;-0.952015452;0;18;86;0;8.256999969;#N/A;0;#N/A;11631;16906283;0;#N/A;0;0
4066;TUN;1995;4.655769559;6.999999996;0.585330964;1.740819587;6.244150287;34.4;88.7;23.35724068;15.93400002;2.894339986;1;86.5;0;9125398;1975.900295;4.1;52.92;11.36654195
4155;TUN;1996;8.087098102;0;5.504991917;1.54348763;3.725144727;32.5;90.4;23.13492966;15.96100044;2.9873341;1;87.2;0;9267340;2113.586292;4.3;110.9;13.71320078
5558;TUN;1997;5.948585589;0;4.006841927;1.369433359;3.652026207;30.4;92;25.95521927;15.93999958;2.699827512;1;87.9;0;9395123;2208.205303;4.4;66.83;11.23460342
9131;TUN;1998;8.415446162;0;3.519573193;1.213811479;3.125365797;28.5;93.2;0;15.52799988;2.919304872;1;88.6;0;9509857;2292.712947;4.6;89.21;10.60074514
9812;TUN;1999;9.454723291;0;4.910300757;1.084867474;2.690124858;26.6;94.2;24.90078926;15.21000004;2.898708402;1;89.2;0;9613588;2386.589244;4.7;100.28;10.60633896
12382;TUN;2000;7.870999279;5.000000005;3.687799992;0.980882557;2.962307947;24.9;94.8;24.59177971;14.93999958;2.961609952;1;89.9;0;9708350;2211.826817;4.9;78.76;10.00635335
13844;TUN;2001;6.524213015;3.000000005;2.88948964;0.877370925;1.983333333;23.3;97.3;24.64776039;14.39999962;2.834447949;1;90.5;0;9793903;2253.04471;5.1;61.47;9.421826028
14877;TUN;2002;7.562875376;22.00000013;0.528632063;0.786654393;2.721032849;22;97.8;22.88013077;14.55000019;2.80141766;1;91.1;0;9871251;2344.413533;5.2;62.76;8.29843107
18782;TUN;2003;11.9485921;0;3.923076987;0.747117198;2.712592475;20.8;98.4;27.68428993;14.51000023;2.833405347;1;91.8;0;9945277;2760.414314;5.4;111.02;9.291471251
18255;TUN;2004;9.10273376;0;5.419596499;0.771255024;3.63228005;19.7;99;27.83381081;14.22999954;2.913685908;1;92.4;0;10022277;3111.382703;5.6;90.14;9.902519658
15495;TUN;2005;11.14088126;0;2.621374098;0.839527992;2.017786414;18.8;99.3;26.69569016;12.87199974;2.866036298;1;92.9;0;10106771;3193.206569;5.8;102.16;9.169831148
16210;TUN;2006;11.60401911;1.999999998;4.269842767;0.930113754;3.225253374;17.9;99.4;26.86130905;12.51000023;2.955066218;1;93.5;0;10201214;3370.033926;5.9;107.69;9.280405265
15555;TUN;2007;12.09946893;25.9999995;5.637711617;1.009589214;2.966944325;17.2;99.4;26.42863083;12.36499977;2.95239633;1;94.1;0;10304726;3775.75001;6.1;104.58;8.643354567
17849;TUN;2008;14.00165155;0;3.139722455;1.059000757;4.345028076;16.6;99.4;25.25867081;12.44299984;3.041912298;1;94.7;0;10414433;4307.155878;6.3;109.92;7.850502463
18064;TUN;2009;12.84038304;0;1.954236484;1.062668312;3.664903306;16.2;99.5;25.26201057;13.28999996;3.507378856;1;95.2;0;10525694;4128.462783;6.4;106.54;8.297260265
18814;TUN;2010;13.89856078;0;2.444381369;1.035407586;3.338979636;15.8;99.5;24.84683037;13.04899979;3.829212473;1;95.8;0;10635244;4141.976353;6.7;104.72;7.53459309
19140;TUN;2011;12.28400539;19.99999989;-2.89085825;0.997672882;3.24002842;15.5;99.5;0;18.33399963;4.167224012;1;96.3;0;10741880;4264.674946;6.9;104.84;8.534675511
19952;TUN;2012;13.42526119;9.000000012;2.989797034;0.973860812;4.611844322;15.2;99.5;20.99101067;17.62999916;4.157872526;2;96.9;0;10847002;4152.678587;6.8;121.98;9.085856748
19949;TUN;2013;13.12336224;84.99999297;1.880398522;0.972018923;5.316235313;15;99.7;0;15.93400002;4.229623294;2;97.3;0;10952951;4222.703245;6.8;116.67;8.890252195
19704;TUN;2014;11.38052219;91.99999787;1.945239942;1.001545789;4.625550995;14.9;99.8;0;15.05799961;3.968816495;2;97.7;0;11063201;4305.474165;6.9;104.17;9.153358544
19881;TUN;2015;14.24808235;99.99999927;0.137805237;1.049753044;4.437371273;14.8;99.9;22.62495041;15.21800041;#N/A;2;97.7;0;11179949;3861.688531;7;146.51;10.28278728
20742;TUN;2016;11.96760773;118.0000012;0.049945369;1.10299623;3.629399374;14.7;100;0;15.51399994;#N/A;2;#N/A;72;11303946;3697.930831;7.1;112.4;9.392019067
20783;TUN;2017;0;25.0000005;0.762600932;1.139078899;5.308848396;14.7;100;0;15.37899971;#N/A;3;#N/A;0;11433443;3481.228739;7.2;0;9.694801554
23201;TUN;2018;0;#N/A;1.49480936;1.145827766;7.30759176;14.6;99.8;0;15.45899963;#N/A;2;#N/A;0;11565204;3438.789089;#N/A;0;10.39527682
78159;TUR;1995;5.181861191;3301.00013;6.177173081;1.589428988;89.11331722;42.7;0;0;7.644000053;1.76287716;2;89.2;3035;58486456;2897.866491;4.8;81.32;15.69320308
77570;TUR;1996;5.20868064;3416.999965;5.68679161;1.589089637;80.41215114;40.3;0;0;6.629000187;2.007166944;2;89.9;3283;59423282;3053.947025;5;87.79;16.85455609
62083;TUR;1997;5.789994878;2351.99997;5.886134306;1.584872715;85.66936165;38;0;0;6.84100008;2.244024053;2;90.6;2273;60372568;3144.385859;5.1;83.73;14.46115269
57822;TUR;1998;7.640886361;1979.999984;0.711596361;1.572900714;84.64134348;35.7;0;0;6.888000011;2.5846704;2;91.2;1920;61329676;4496.49682;5.3;95.2;12.45928751
54477;TUR;1999;8.529046609;1282.000007;-4.874775392;1.549527326;64.86748764;33.5;0;0;7.686999798;2.913115705;2;91.9;1129;62287397;4108.123199;5.4;89.37;10.47831066
57463;TUR;2000;9.468830941;133;5.033387836;1.518097003;54.91537058;31.4;0;6.375830173;6.494999886;3.114239647;2;92.6;121;63240194;4316.548907;5.5;95.46;10.08149798
62527.5;TUR;2001;9.925646602;97.99999996;-7.357004008;1.494229784;54.40018876;29.4;0;5.982659817;8.380999565;3.512553806;2;93.2;81;64192243;3119.56579;5.6;87.88;8.853831244
67741;TUR;2002;9.370162335;25;4.873126414;1.473881037;44.96412095;27.5;0;6.651649952;10.3579998;3.786278215;2;93.8;25;65145367;3659.939868;5.7;96.22;10.26876553
60079;TUR;2003;9.534367861;146.0000004;4.099724435;1.438721295;21.60243845;25.7;0;7.419879913;10.54199982;3.839653198;2;94.5;90;66089402;4718.199808;5.8;94.22;9.882144404
54066;TUR;2004;10.08846455;217.9999977;8.136504181;1.384733924;8.598261681;23.9;0;8.651720047;10.8380003;3.826071088;2;95.1;183;67010930;6040.607698;5.9;95.05;9.421651779
46708;TUR;2005;10.9889384;399.9999991;7.577002429;1.323138268;8.179160368;22.3;0;0;10.63599968;3.696382908;2;95.7;359;67903469;7384.251628;6;101.7;9.254761134
40629;TUR;2006;12.65031352;269.0000006;5.780364542;1.248866309;9.597242123;20.8;0;8.017009735;8.718000412;3.971039668;2;96.3;210;68756810;8035.377338;6.1;103.25;8.161853053
36483;TUR;2007;12.69940758;484.9999988;3.785102354;1.192794254;8.75618091;19.3;0;0;8.868000031;4.095218575;2;96.9;453;69581848;9711.873594;6.2;95.48;7.518460952
35761;TUR;2008;13.49379522;472.999997;-0.353052184;1.195376089;10.44412838;18;0;0;9.710000038;4.435295202;2;97.5;429;70418604;10854.17225;6.3;100.99;7.48418057
35784;TUR;2009;12.72079101;143.9999999;-5.910728454;1.2738919;6.250976631;16.8;0;0;12.55200005;4.922531997;2;98;126;71321399;9038.52015;6.5;103.42;8.129997573
35169;TUR;2010;11.65845588;217.0000028;6.979031924;1.40009289;8.566444206;15.6;100;0;10.65999985;4.412270439;2;98.6;197;72326988;10672.38925;6.7;105.23;9.026066665
36111;TUR;2011;13.41434593;449.9999958;9.423771175;1.532400817;6.471879671;14.6;99.95624542;0;8.795999527;4.205859804;2;99.1;421;73443863;11335.51051;7.2;110.47;8.2352133
33695;TUR;2012;14.5780364;991.9999971;3.092660213;1.632957935;8.891569965;13.6;99.99124908;0;8.149000168;4.1491433;2;99.5;743;74653016;11707.25971;7.5;113.02;7.752758799
30867;TUR;2013;17.12482404;1309.000224;6.668729517;1.694202585;7.493090305;12.7;100;0;8.732000351;4.225639909;1;99.8;19;75928564;12519.39143;7.7;115.17;6.725324577
28808;TUR;2014;16.64105046;1070.000239;3.39192849;1.701972386;8.854572714;11.9;100;0;9.880000114;4.193778969;1;100;0;77231907;12095.85457;7.6;109.66;6.589728231
30162;TUR;2015;17.08415251;1542.99998;4.333082787;1.666051682;7.670853648;11.1;100;0;10.23600006;#N/A;1;100;902;78529409;10948.72461;7.8;117.94;6.903473843
35166;TUR;2016;19.29412877;2548.000042;1.513283645;1.632250641;7.775134153;10.5;100;0;10.83899975;#N/A;1;#N/A;1395;79821724;10820.63384;8;119.31;6.183746434
40729;TUR;2017;0;2966.000791;5.774472871;1.591059209;11.14431108;9.8;100;0;10.81900024;#N/A;1;#N/A;398;81101892;10513.64843;8;0;6.082121494
46334;TUR;2018;0;#N/A;1.305564283;1.490444868;16.3324639;9.2;100;0;10.89000034;#N/A;1;#N/A;436;82319724;9370.176355;#N/A;0;5.817503184
