"Code","Year","Deaths...Conflict.and.terrorism...Sex..Both...Age..All.Ages..Number.","Deaths...Conflict.and.terrorism...Sex..Both...Age..All.Ages..Rate.","Entity"
"CIV",1995,44.0000007055776,0.299453073061205,"Cote d'Ivoire"
"CIV",1996,5.00000000000091,0.0329220164578419,"Cote d'Ivoire"
"CIV",1997,16.0000001106434,0.102041775892509,"Cote d'Ivoire"
"CIV",1998,13.0000000125568,0.0804149723855639,"Cote d'Ivoire"
"CIV",1999,51.0000004126258,0.306439478853954,"Cote d'Ivoire"
"CIV",2000,111.000000704161,0.648641538808094,"Cote d'Ivoire"
"CIV",2001,32.0000004429517,0.182052551297162,"Cote d'Ivoire"
"CIV",2002,1323.00020412939,7.33512251967307,"Cote d'Ivoire"
"CIV",2003,1050.99982320775,5.68393320783273,"Cote d'Ivoire"
"CIV",2004,515.000083424844,2.71904590698646,"Cote d'Ivoire"
"CIV",2005,154.000012762505,0.794378316556867,"Cote d'Ivoire"
"CIV",2006,46.0000002095319,0.231973032699942,"Cote d'Ivoire"
"CIV",2007,4.00000000000009,0.0197299570002388,"Cote d'Ivoire"
"CIV",2008,14.0000000308824,0.0675677504764343,"Cote d'Ivoire"
"CIV",2009,2.00000000021521,0.00944754034060468,"Cote d'Ivoire"
"CIV",2010,49.0000001547605,0.226625821252284,"Cote d'Ivoire"
"CIV",2011,1071.99988784355,4.85593655087906,"Cote d'Ivoire"
"CIV",2012,27.9999999775897,0.124245678556812,"Cote d'Ivoire"
"CIV",2013,21.999999958074,0.0956393716224326,"Cote d'Ivoire"
"CIV",2014,28.9999996963185,0.123521145311308,"Cote d'Ivoire"
"CIV",2015,15.0000000232596,0.0625978065453097,"Cote d'Ivoire"
"CIV",2016,17.0000000133814,0.0695078715196121,"Cote d'Ivoire"
"CIV",2017,24.0000001124062,0.0961335138012843,"Cote d'Ivoire"
"CMR",1995,4.99999998808701,0.0404438208997817,"Cameroon"
"CMR",1996,56.0000000006324,0.436441704128266,"Cameroon"
"CMR",1997,5.99999998875706,0.0450326462912219,"Cameroon"
"CMR",1998,1.00000000000011,0.00722449429436451,"Cameroon"
"CMR",1999,0.999999999856456,0.00695003952288845,"Cameroon"
"CMR",2000,18.0000001986766,0.120273683787367,"Cameroon"
"CMR",2001,0,0,"Cameroon"
"CMR",2002,0,0,"Cameroon"
"CMR",2003,0,0,"Cameroon"
"CMR",2004,18.9999999583002,0.10786636476553,"Cameroon"
"CMR",2005,48.0000004300953,0.261613057974501,"Cameroon"
"CMR",2006,30.9999997519986,0.162333778770692,"Cameroon"
"CMR",2007,66.0000000452996,0.332349976151856,"Cameroon"
"CMR",2008,128.999997500394,0.625233737029192,"Cameroon"
"CMR",2009,18.9999999345032,0.0887258426219224,"Cameroon"
"CMR",2010,5.99999999838063,0.0270248059794331,"Cameroon"
"CMR",2011,17.0000000706582,0.0739293212815784,"Cameroon"
"CMR",2012,17.9999999807605,0.0756503997586409,"Cameroon"
"CMR",2013,14.0000000503495,0.0569229008055715,"Cameroon"
"CMR",2014,1124.00001402795,4.42630178381957,"Cameroon"
"CMR",2015,1582.99988782059,6.04450482106921,"Cameroon"
"CMR",2016,702.999960399927,2.60563096679151,"Cameroon"
"CMR",2017,446.000025319509,1.60606492256253,"Cameroon"
"COD",1995,94.9999997360168,0.217096400726294,"Democratic Republic of Congo"
"COD",1996,34473.0167186513,76.7148398344339,"Democratic Republic of Congo"
"COD",1997,39485.7043999669,85.596924218044,"Democratic Republic of Congo"
"COD",1998,10028.9967147298,21.1690310702953,"Democratic Republic of Congo"
"COD",1999,9008.99714465291,18.5064582632394,"Democratic Republic of Congo"
"COD",2000,2786.99949305705,5.56999220032939,"Democratic Republic of Congo"
"COD",2001,2162.00047919776,4.20261408012129,"Democratic Republic of Congo"
"COD",2002,6351.00151668953,12.0051631712607,"Democratic Republic of Congo"
"COD",2003,3744.99979657025,6.88252514740766,"Democratic Republic of Congo"
"COD",2004,898.000033256994,1.60396682462435,"Democratic Republic of Congo"
"COD",2005,569.999998964992,0.989159736843083,"Democratic Republic of Congo"
"COD",2006,458.99999573651,0.77372965450036,"Democratic Republic of Congo"
"COD",2007,963.999997729457,1.57840038654235,"Democratic Republic of Congo"
"COD",2008,3679.99867891005,5.85292253018976,"Democratic Republic of Congo"
"COD",2009,9032.99940133747,13.9573787724972,"Democratic Republic of Congo"
"COD",2010,1757.00009127478,2.63778859482543,"Democratic Republic of Congo"
"COD",2011,639.999990539058,0.933692381916797,"Democratic Republic of Congo"
"COD",2012,2195.99981880485,3.11413834864458,"Democratic Republic of Congo"
"COD",2013,2893.99986210969,3.99047913755572,"Democratic Republic of Congo"
"COD",2014,1937.99992357494,2.59914163808612,"Democratic Republic of Congo"
"COD",2015,1150.00004145348,1.50054825559086,"Democratic Republic of Congo"
"COD",2016,1244.00005447674,1.57977052499543,"Democratic Republic of Congo"
"COD",2017,2790.99944594544,3.45059134567472,"Democratic Republic of Congo"
"COG",1995,1.99999999999913,0.0716228779911606,"Congo"
"COG",1996,1.00000000431923,0.0348699628206112,"Congo"
"COG",1997,10414.2330105112,354.275404393966,"Congo"
"COG",1998,3784.0011254931,125.662527268185,"Congo"
"COG",1999,984.998799687614,31.8778355294195,"Congo"
"COG",2000,500.00000978687,15.7570212207702,"Congo"
"COG",2001,3.00000000000034,0.0920168453469859,"Congo"
"COG",2002,234.999995000462,7.01263890660731,"Congo"
"COG",2003,43.9999996938637,1.27709640956433,"Congo"
"COG",2004,8.99999996655602,0.254016301989728,"Congo"
"COG",2005,15.0000002412587,0.411586312200272,"Congo"
"COG",2006,0,0,"Congo"
"COG",2007,1.99999998811076,0.0518703973501592,"Congo"
"COG",2008,0.999999999999544,0.0252241607042952,"Congo"
"COG",2009,100.000007486319,2.45427913278722,"Congo"
"COG",2010,0,0,"Congo"
"COG",2011,1.00000000000022,0.0232810660206246,"Congo"
"COG",2012,2,0.0454130749307435,"Congo"
"COG",2013,41.9999989124921,0.931187939182997,"Congo"
"COG",2014,10.999999988387,0.238401488127827,"Congo"
"COG",2015,0,0,"Congo"
"COG",2016,60.999999987997,1.26680107212557,"Congo"
"COG",2017,24.9999994941418,0.508846553984152,"Congo"
"COM",1995,0,0,"Comoros"
"COM",1996,0,0,"Comoros"
"COM",1997,56.000030274108,10.6793387444195,"Comoros"
"COM",1998,0,0,"Comoros"
"COM",1999,0,0,"Comoros"
"COM",2000,0,0,"Comoros"
"COM",2001,0,0,"Comoros"
"COM",2002,0,0,"Comoros"
"COM",2003,0,0,"Comoros"
"COM",2004,0,0,"Comoros"
"COM",2005,0,0,"Comoros"
"COM",2006,0,0,"Comoros"
"COM",2007,0,0,"Comoros"
"COM",2008,0,0,"Comoros"
"COM",2009,0,0,"Comoros"
"COM",2010,0,0,"Comoros"
"COM",2011,0,0,"Comoros"
"COM",2012,0,0,"Comoros"
"COM",2013,0,0,"Comoros"
"COM",2014,0,0,"Comoros"
"COM",2015,0,0,"Comoros"
"COM",2016,0,0,"Comoros"
"COM",2017,0,0,"Comoros"
"DZA",1995,3424.99923798634,11.9126417920069,"Algeria"
"DZA",1996,1620.00016353344,5.51927718125341,"Algeria"
"DZA",1997,4904.99967043799,16.3878214290459,"Algeria"
"DZA",1998,4430.00081097024,14.5336721956342,"Algeria"
"DZA",1999,1518.99995026281,4.89945576667115,"Algeria"
"DZA",2000,2534.00020690459,8.04228249700509,"Algeria"
"DZA",2001,1330.0000050154,4.15626731531124,"Algeria"
"DZA",2002,1613.00022939005,4.96675338714124,"Algeria"
"DZA",2003,931.999942620266,2.82965759041808,"Algeria"
"DZA",2004,576.999990301402,1.72816886565686,"Algeria"
"DZA",2005,323.999994543467,0.957493982341021,"Algeria"
"DZA",2006,405.999993415028,1.18371739992968,"Algeria"
"DZA",2007,699.000023653378,2.010253769183,"Algeria"
"DZA",2008,505.000012513156,1.43229929071075,"Algeria"
"DZA",2009,637.000006862949,1.78106411142124,"Algeria"
"DZA",2010,318.000001762077,0.876194972282628,"Algeria"
"DZA",2011,341.000002244596,0.925585348336529,"Algeria"
"DZA",2012,289.000001259009,0.772447265007459,"Algeria"
"DZA",2013,216.000000610315,0.568291602129247,"Algeria"
"DZA",2014,113.999998957598,0.295183517309391,"Algeria"
"DZA",2015,114.000000028944,0.29052222952434,"Algeria"
"DZA",2016,92.0000000430381,0.230825657494254,"Algeria"
"DZA",2017,134.999996272896,0.333632372934399,"Algeria"
"EGY",1995,361.00000995247,0.59765772057974,"Egypt"
"EGY",1996,245.999997849185,0.399533097137907,"Egypt"
"EGY",1997,235.999999808903,0.375751676978473,"Egypt"
"EGY",1998,31.0000000061758,0.048353417591715,"Egypt"
"EGY",1999,5.99999999938466,0.00916325341999175,"Egypt"
"EGY",2000,1.99999999999999,0.00298964687777573,"Egypt"
"EGY",2001,3.99999999884376,0.00585170274612466,"Egypt"
"EGY",2002,23.0000001137065,0.0329271460571641,"Egypt"
"EGY",2003,0,0,"Egypt"
"EGY",2004,61.9999998585599,0.0849883635260322,"Egypt"
"EGY",2005,129.000000087136,0.173023436922947,"Egypt"
"EGY",2006,23.9999999422755,0.0314990852018328,"Egypt"
"EGY",2007,0,0,"Egypt"
"EGY",2008,15.999999999735,0.020105685726577,"Egypt"
"EGY",2009,10.9999999997543,0.0135256697496261,"Egypt"
"EGY",2010,45.0000000296723,0.054147285809296,"Egypt"
"EGY",2011,118.000001852769,0.138946593405631,"Egypt"
"EGY",2012,116.00000033933,0.133611321309501,"Egypt"
"EGY",2013,384.000007708675,0.432381830661293,"Egypt"
"EGY",2014,262.999999596065,0.289484566660011,"Egypt"
"EGY",2015,223.999996999895,0.241266736061672,"Egypt"
"EGY",2016,366.99999908067,0.387465192897912,"Egypt"
"EGY",2017,1188.99983346435,1.23232838812595,"Egypt"
"ERI",1995,0,0,"Eritrea"
"ERI",1996,19.9999998312149,0.61680917976594,"Eritrea"
"ERI",1997,30.9999970121417,0.931747962385703,"Eritrea"
"ERI",1998,113.000037275802,3.31787971553228,"Eritrea"
"ERI",1999,24082.5572477937,703.340397429789,"Eritrea"
"ERI",2000,1812.000060669,51.7719951485035,"Eritrea"
"ERI",2001,0.538822232240385,0.0146521088667744,"Eritrea"
"ERI",2002,1.53882223477917,0.0383999992050669,"Eritrea"
"ERI",2003,81.999996728813,1.89963146399076,"Eritrea"
"ERI",2004,57.0776471764273,1.29024365666027,"Eritrea"
"ERI",2005,161.269389087415,3.54955814121419,"Eritrea"
"ERI",2006,2.05388221474235,0.0441827694988862,"Eritrea"
"ERI",2007,11.0000001357016,0.229580919173989,"Eritrea"
"ERI",2008,224.388220583364,4.53821736571101,"Eritrea"
"ERI",2009,8.32329335248252,0.164122233681138,"Eritrea"
"ERI",2010,86.9999898590144,1.67591745304605,"Eritrea"
"ERI",2011,25.9999995840399,0.491825947928018,"Eritrea"
"ERI",2012,0,0,"Eritrea"
"ERI",2013,80.0000090429898,1.46424808375444,"Eritrea"
"ERI",2014,10.0000000444352,0.180559008861273,"Eritrea"
"ERI",2015,9.9999998084319,0.177909997211905,"Eritrea"
"ERI",2016,25.0000005565539,0.436708785383711,"Eritrea"
"ERI",2017,0,0,"Eritrea"
"ETH",1995,47.9999999211812,0.0793166691629568,"Ethiopia"
"ETH",1996,185.000042248151,0.297392981606348,"Ethiopia"
"ETH",1997,33.975451380212,0.0532221166408408,"Ethiopia"
"ETH",1998,4043.40229911636,6.18169135839466,"Ethiopia"
"ETH",1999,41258.2045707038,61.6438721417702,"Ethiopia"
"ETH",2000,51183.0013846531,74.79674399182,"Ethiopia"
"ETH",2001,378.675146694284,0.540906513159364,"Ethiopia"
"ETH",2002,615.011796080612,0.858502199967735,"Ethiopia"
"ETH",2003,895.335678840515,1.2219844579586,"Ethiopia"
"ETH",2004,583.973366376238,0.779625655388686,"Ethiopia"
"ETH",2005,245.248682790226,0.32017849330527,"Ethiopia"
"ETH",2006,210.195337129724,0.268156529913261,"Ethiopia"
"ETH",2007,858.358910687368,1.06979108917023,"Ethiopia"
"ETH",2008,1005.85261661575,1.22435936559171,"Ethiopia"
"ETH",2009,1004.58925436793,1.19394606909803,"Ethiopia"
"ETH",2010,561.884396789105,0.651388854366399,"Ethiopia"
"ETH",2011,385.413684240668,0.435701207538848,"Ethiopia"
"ETH",2012,442.999815309731,0.488571441188672,"Ethiopia"
"ETH",2013,398.38090899409,0.428200738018618,"Ethiopia"
"ETH",2014,107.569220860531,0.112673234259997,"Ethiopia"
"ETH",2015,404.121803437504,0.412785910875273,"Ethiopia"
"ETH",2016,776.997702137901,0.774126330956356,"Ethiopia"
"ETH",2017,1061.00020220562,1.03125931986454,"Ethiopia"
"GHA",1995,2.0000000006736,0.0118801512526483,"Ghana"
"GHA",1996,2.99999999784935,0.0173805614157896,"Ghana"
"GHA",1997,3.00000000550292,0.0169493335632191,"Ghana"
"GHA",1998,4.00000001536897,0.0220314184205766,"Ghana"
"GHA",1999,0,0,"Ghana"
"GHA",2000,33.0000001701037,0.172382966344815,"Ghana"
"GHA",2001,17.9999999441023,0.0914842143546538,"Ghana"
"GHA",2002,37.9999998425279,0.187859326509523,"Ghana"
"GHA",2003,7.0000000032699,0.033653390500014,"Ghana"
"GHA",2004,2.00000000059425,0.00934911706192087,"Ghana"
"GHA",2005,2.00000000023766,0.00908810881164529,"Ghana"
"GHA",2006,2.99999999879086,0.0132495496331671,"Ghana"
"GHA",2007,5.99999999538256,0.0257686730366687,"Ghana"
"GHA",2008,28.9999997861627,0.121205584766851,"Ghana"
"GHA",2009,20.9999998613741,0.0854567600266338,"Ghana"
"GHA",2010,3.99999999505558,0.0158557775216294,"Ghana"
"GHA",2011,4.99999999015206,0.0193148786579068,"Ghana"
"GHA",2012,14.999999986723,0.0564733540157699,"Ghana"
"GHA",2013,15.9999999748668,0.0586945157505582,"Ghana"
"GHA",2014,11.9999999844444,0.0428889536916905,"Ghana"
"GHA",2015,25.0000000408596,0.0870635322726279,"Ghana"
"GHA",2016,27.0000001889754,0.0916541251533048,"Ghana"
"GHA",2017,48.9999998578282,0.16222323002952,"Ghana"
"GIN",1995,0,0,"Guinea"
"GIN",1996,29.0000000264305,0.38815686315154,"Guinea"
"GIN",1997,0,0,"Guinea"
"GIN",1998,38.9999988947396,0.487535299435781,"Guinea"
"GIN",1999,93.9999887560484,1.16355231570881,"Guinea"
"GIN",2000,1152.99940229253,14.1965443922649,"Guinea"
"GIN",2001,489.000029481718,5.96670880383436,"Guinea"
"GIN",2002,14.0000000620036,0.167010146774769,"Guinea"
"GIN",2003,0,0,"Guinea"
"GIN",2004,4.00000001144235,0.0458250892976504,"Guinea"
"GIN",2005,3.9999999932723,0.0449367606470801,"Guinea"
"GIN",2006,17.000000338431,0.186948335653132,"Guinea"
"GIN",2007,44.9999997192399,0.484594899496045,"Guinea"
"GIN",2008,3.99999997972942,0.0420708752644746,"Guinea"
"GIN",2009,160.000002372612,1.64256665281692,"Guinea"
"GIN",2010,1.99999999873264,0.0200329263460182,"Guinea"
"GIN",2011,4.99999999176591,0.0488745874515179,"Guinea"
"GIN",2012,9.99999998315946,0.0954443168452442,"Guinea"
"GIN",2013,95.9999918853789,0.894705790442474,"Guinea"
"GIN",2014,0,0,"Guinea"
"GIN",2015,7.99999997804615,0.0710765668146502,"Guinea"
"GIN",2016,1.00000000064294,0.00867264579316465,"Guinea"
"GIN",2017,28.000000127281,0.236886896640609,"Guinea"
"GMB",1995,0,0,"Gambia"
"GMB",1996,0,0,"Gambia"
"GMB",1997,0.999999996316444,0.0801178213425157,"Gambia"
"GMB",1998,0,0,"Gambia"
"GMB",1999,0,0,"Gambia"
"GMB",2000,2.00000001153745,0.148418207969353,"Gambia"
"GMB",2001,2.00000001193722,0.144783677049523,"Gambia"
"GMB",2002,0.999999995596538,0.0706057749766847,"Gambia"
"GMB",2003,0,0,"Gambia"
"GMB",2004,0.999999997437136,0.0670368666589673,"Gambia"
"GMB",2005,3.00000002331593,0.19574431538186,"Gambia"
"GMB",2006,0,0,"Gambia"
"GMB",2007,0,0,"Gambia"
"GMB",2008,0,0,"Gambia"
"GMB",2009,0,0,"Gambia"
"GMB",2010,0,0,"Gambia"
"GMB",2011,0,0,"Gambia"
"GMB",2012,8.00000005498734,0.428273628688481,"Gambia"
"GMB",2013,0,0,"Gambia"
"GMB",2014,0,0,"Gambia"
"GMB",2015,0,0,"Gambia"
"GMB",2016,0,0,"Gambia"
"GMB",2017,3.00000001565715,0.140679324336434,"Gambia"
"IRN",1995,235.881110750837,0.384940998008389,"Iran"
"IRN",1996,211.882260870059,0.33981164966167,"Iran"
"IRN",1997,154.929827206244,0.24386832851654,"Iran"
"IRN",1998,129.198601670332,0.199194700019578,"Iran"
"IRN",1999,112.005827631236,0.169008809432808,"Iran"
"IRN",2000,141.895922818231,0.210220686566891,"Iran"
"IRN",2001,125.054823976468,0.182661448520684,"Iran"
"IRN",2002,121.824119861189,0.175904715095219,"Iran"
"IRN",2003,177.308924014089,0.252171946480474,"Iran"
"IRN",2004,85.3916803593436,0.119681463841853,"Iran"
"IRN",2005,29.6696811128064,0.041134829167249,"Iran"
"IRN",2006,379.000042655488,0.519404230097047,"Iran"
"IRN",2007,96.0000000566627,0.130022829320211,"Iran"
"IRN",2008,146.454393915099,0.195753074946626,"Iran"
"IRN",2009,311.017381815338,0.410440988243034,"Iran"
"IRN",2010,239.79367613062,0.313070610193399,"Iran"
"IRN",2011,223.999998289195,0.289496693189821,"Iran"
"IRN",2012,30.5069197177454,0.0390065048000616,"Iran"
"IRN",2013,65.9999960906758,0.0834422005096959,"Iran"
"IRN",2014,28.9999982716249,0.0362655293162718,"Iran"
"IRN",2015,77.0000008584714,0.0953767369530438,"Iran"
"IRN",2016,121.999999585828,0.149753206363221,"Iran"
"IRN",2017,93.9999994835766,0.114388474007678,"Iran"
"IRQ",1995,688.208723491494,3.10624932775329,"Iraq"
"IRQ",1996,485.541383852808,2.11913321519718,"Iraq"
"IRQ",1997,450.374892590884,1.89673013373152,"Iraq"
"IRQ",1998,306.966211586069,1.24747079549115,"Iraq"
"IRQ",1999,293.215227603143,1.1494218437282,"Iraq"
"IRQ",2000,335.203817408387,1.26932017694938,"Iraq"
"IRQ",2001,306.266783484096,1.12018787294684,"Iraq"
"IRQ",2002,297.966198366412,1.05487273690889,"Iraq"
"IRQ",2003,762.533393118039,2.62355029776797,"Iraq"
"IRQ",2004,2366.21486623115,7.8756821508735,"Iraq"
"IRQ",2005,3465.29290709068,11.368653942238,"Iraq"
"IRQ",2006,23266.942233279,76.6744208965561,"Iraq"
"IRQ",2007,25603.130124518,82.6015062282201,"Iraq"
"IRQ",2008,8793.00107106938,27.3340193478709,"Iraq"
"IRQ",2009,5701.98662009082,17.1619045901007,"Iraq"
"IRQ",2010,6238.0015330681,18.1549880574351,"Iraq"
"IRQ",2011,6032.00698205641,16.828591957299,"Iraq"
"IRQ",2012,7307.99329946716,19.4734441261644,"Iraq"
"IRQ",2013,16889.9510186339,43.3580830702588,"Iraq"
"IRQ",2014,33297.0264605535,83.045772962812,"Iraq"
"IRQ",2015,26413.0556129874,64.257943106659,"Iraq"
"IRQ",2016,28579.909196632,67.7694411384963,"Iraq"
"IRQ",2017,33240.1140503982,76.7591333267019,"Iraq"
"ISR",1995,95.0000007318879,1.67468333618824,"Israel"
"ISR",1996,204.999995198794,3.52490695484224,"Israel"
"ISR",1997,55.9999990477343,0.939727579053769,"Israel"
"ISR",1998,44.0000111530635,0.721049057350272,"Israel"
"ISR",1999,11.000000556479,0.176141959444558,"Israel"
"ISR",2000,119.00000079337,1.86285678908884,"Israel"
"ISR",2001,487.000171010119,7.45685009835678,"Israel"
"ISR",2002,1212.00021970109,18.1612703435923,"Israel"
"ISR",2003,625.000131522102,9.16751046798787,"Israel"
"ISR",2004,573.000087665414,8.23036033538733,"Israel"
"ISR",2005,254.999995693411,3.5891065676486,"Israel"
"ISR",2006,666.000016047896,9.19026689163002,"Israel"
"ISR",2007,320.000010197418,4.33009999873647,"Israel"
"ISR",2008,751.000027906345,9.96457074523301,"Israel"
"ISR",2009,706.999948011999,9.19702212431189,"Israel"
"ISR",2010,67.9999999059413,0.867204860069682,"Israel"
"ISR",2011,94.000000543014,1.17545749010393,"Israel"
"ISR",2012,87.0000007124702,1.06705612140172,"Israel"
"ISR",2013,9.99999999814412,0.120324267268515,"Israel"
"ISR",2014,1730.99990883092,20.4380636883149,"Israel"
"ISR",2015,35.0000001580751,0.405577141192909,"Israel"
"ISR",2016,27.000000162773,0.307153738179129,"Israel"
"ISR",2017,20.9999997028327,0.234657894621911,"Israel"
"KEN",1995,5.99999999722402,0.0223247698430695,"Kenya"
"KEN",1996,4.99999995935734,0.0180872818399591,"Kenya"
"KEN",1997,427.657766596254,1.5042187661366,"Kenya"
"KEN",1998,784.950647667345,2.68494052911532,"Kenya"
"KEN",1999,343.001013436483,1.14119705208797,"Kenya"
"KEN",2000,428.000673584645,1.38542023192122,"Kenya"
"KEN",2001,475.000429812625,1.49556344439859,"Kenya"
"KEN",2002,397.999824084054,1.21832770478731,"Kenya"
"KEN",2003,154.000034721926,0.4582972336229,"Kenya"
"KEN",2004,178.000027329097,0.515119860409715,"Kenya"
"KEN",2005,326.999994636381,0.920364362519993,"Kenya"
"KEN",2006,290.000482604534,0.793796882807605,"Kenya"
"KEN",2007,580.436242949035,1.54541258586943,"Kenya"
"KEN",2008,1895.68581988127,4.91124293020671,"Kenya"
"KEN",2009,329.975427210681,0.832283202945755,"Kenya"
"KEN",2010,178.651213046297,0.439007237515498,"Kenya"
"KEN",2011,169.665381450422,0.406383277434041,"Kenya"
"KEN",2012,508.7819905673,1.18805439573427,"Kenya"
"KEN",2013,709.999923099848,1.61662531256753,"Kenya"
"KEN",2014,530.999949476125,1.17952801222428,"Kenya"
"KEN",2015,647.372629535498,1.40386308403326,"Kenya"
"KEN",2016,202.999995190918,0.429960673786796,"Kenya"
"KEN",2017,390.999327087954,0.809073886373896,"Kenya"
"LBN",1995,124.999986253045,2.68347025917403,"Lebanon"
"LBN",1996,250.999990126186,5.25256845063379,"Lebanon"
"LBN",1997,118.999997368913,2.42872309858063,"Lebanon"
"LBN",1998,70.9999995358943,1.41355525174533,"Lebanon"
"LBN",1999,65.9999999404292,1.28229853392326,"Lebanon"
"LBN",2000,37.9999992193617,0.721023681037735,"Lebanon"
"LBN",2001,4.00000000000093,0.0743131302960714,"Lebanon"
"LBN",2002,33.9480704343267,0.61757855399438,"Lebanon"
"LBN",2003,3.9999999959057,0.071099444008264,"Lebanon"
"LBN",2004,2.59740348833408,0.0451401422670349,"Lebanon"
"LBN",2005,24.9999998576779,0.424344600141373,"Lebanon"
"LBN",2006,758.999955236218,12.5607610805377,"Lebanon"
"LBN",2007,199.740380278904,3.23121647268986,"Lebanon"
"LBN",2008,197.909162932607,3.13891631433101,"Lebanon"
"LBN",2009,21.79221044314,0.340158426357456,"Lebanon"
"LBN",2010,5.19480693114963,0.079785300671854,"Lebanon"
"LBN",2011,5.00000001034132,0.074683236467004,"Lebanon"
"LBN",2012,47.3376859926478,0.652827854568995,"Lebanon"
"LBN",2013,239.000057427293,3.02115961260457,"Lebanon"
"LBN",2014,268.000032768813,3.2796648721184,"Lebanon"
"LBN",2015,189.999991169303,2.30212323828902,"Lebanon"
"LBN",2016,47.0000014358057,0.561560034679429,"Lebanon"
"LBN",2017,386.000049129325,4.53478592616192,"Lebanon"
"LBY",1995,0,0,"Libya"
"LBY",1996,2451.0039754879,53.2091437321401,"Libya"
"LBY",1997,7.99999997519969,0.169936146242048,"Libya"
"LBY",1998,1.99999999787288,0.0415455778841576,"Libya"
"LBY",1999,0,0,"Libya"
"LBY",2000,1.99999998574049,0.039716962286281,"Libya"
"LBY",2001,0,0,"Libya"
"LBY",2002,0,0,"Libya"
"LBY",2003,0,0,"Libya"
"LBY",2004,0,0,"Libya"
"LBY",2005,0,0,"Libya"
"LBY",2006,0,0,"Libya"
"LBY",2007,0,0,"Libya"
"LBY",2008,40.0000029147339,0.663984054555756,"Libya"
"LBY",2009,0,0,"Libya"
"LBY",2010,0,0,"Libya"
"LBY",2011,47807.6174069766,762.347617526782,"Libya"
"LBY",2012,850.000470194461,13.2383381378488,"Libya"
"LBY",2013,363.000289544514,5.55269072781449,"Libya"
"LBY",2014,2957.00952721744,44.5601948272828,"Libya"
"LBY",2015,51.0000005222412,0.757978011493552,"Libya"
"LBY",2016,1830.00001141969,26.8325244783309,"Libya"
"LBY",2017,1525.00007834532,22.0734917407091,"Libya"
"MAR",1995,0,0,"Morocco"
"MAR",1996,0,0,"Morocco"
"MAR",1997,5.99999999920592,0.0211428090352419,"Morocco"
"MAR",1998,10.0000000026629,0.034754068394483,"Morocco"
"MAR",1999,0,0,"Morocco"
"MAR",2000,0.99999999989819,0.0033861222269424,"Morocco"
"MAR",2001,0,0,"Morocco"
"MAR",2002,0,0,"Morocco"
"MAR",2003,88.999998970872,0.2906378361358,"Morocco"
"MAR",2004,0,0,"Morocco"
"MAR",2005,0,0,"Morocco"
"MAR",2006,1.99999999869468,0.00630700338127684,"Morocco"
"MAR",2007,2.00000000079942,0.00623493316176328,"Morocco"
"MAR",2008,0,0,"Morocco"
"MAR",2009,0,0,"Morocco"
"MAR",2010,13.999999976267,0.0422105541858364,"Morocco"
"MAR",2011,18.0000000129344,0.0536960173864302,"Morocco"
"MAR",2012,1.0000000107696,0.00295232504552785,"Morocco"
"MAR",2013,2.00000002490878,0.00584542637477776,"Morocco"
"MAR",2014,1.99999999933541,0.00578883323401112,"Morocco"
"MAR",2015,2.0000000001359,0.00573500618608645,"Morocco"
"MAR",2016,3.00000000245468,0.00852602519377655,"Morocco"
"MAR",2017,2.00000000032446,0.00563556246459179,"Morocco"
"MDG",1995,4.00000000884646,0.0292012895934809,"Madagascar"
"MDG",1996,0.99999999993267,0.00709307319839736,"Madagascar"
"MDG",1997,0,0,"Madagascar"
"MDG",1998,0,0,"Madagascar"
"MDG",1999,0,0,"Madagascar"
"MDG",2000,1.00000000007219,0.00630575488876969,"Madagascar"
"MDG",2001,0,0,"Madagascar"
"MDG",2002,6.00000001107147,0.0356295861050746,"Madagascar"
"MDG",2003,0,0,"Madagascar"
"MDG",2004,1.00000000019572,0.00559800744653279,"Madagascar"
"MDG",2005,1.99999999855176,0.0108758603665813,"Madagascar"
"MDG",2006,0,0,"Madagascar"
"MDG",2007,2.99999999586803,0.0153890145593292,"Madagascar"
"MDG",2008,2.00000000207161,0.00996038369453016,"Madagascar"
"MDG",2009,70.9999987424621,0.343361340764777,"Madagascar"
"MDG",2010,3.00000000157515,0.0140938796179076,"Madagascar"
"MDG",2011,0,0,"Madagascar"
"MDG",2012,22.9999999977144,0.101897676910487,"Madagascar"
"MDG",2013,107.999995936729,0.464463803137434,"Madagascar"
"MDG",2014,440.00005490721,1.83745286706599,"Madagascar"
"MDG",2015,168.999985380704,0.685517012351576,"Madagascar"
"MDG",2016,173.999999171572,0.685759272758654,"Madagascar"
"MDG",2017,172.000014424823,0.65878215823376,"Madagascar"
"MLI",1995,3.99999999522156,0.0421346900239753,"Mali"
"MLI",1996,0,0,"Mali"
"MLI",1997,5000.01864451578,49.7191470537967,"Mali"
"MLI",1998,10002.0496381023,96.592264001243,"Mali"
"MLI",1999,2008.99970700788,18.8086267637336,"Mali"
"MLI",2000,2002.99767492293,18.1615914248444,"Mali"
"MLI",2001,2002.00222526964,17.5638526504857,"Mali"
"MLI",2002,2004.99829308211,16.9967449133708,"Mali"
"MLI",2003,1513.00039908012,12.3789435618696,"Mali"
"MLI",2004,499.999812402481,3.94464661069593,"Mali"
"MLI",2005,11.9999999911966,0.0912282170126936,"Mali"
"MLI",2006,199.999982869722,1.46456624130042,"Mali"
"MLI",2007,59.0000006211996,0.415981420553274,"Mali"
"MLI",2008,117.000000115603,0.794011292898756,"Mali"
"MLI",2009,136.999997586966,0.895055945129039,"Mali"
"MLI",2010,31.0000001470297,0.195015544507922,"Mali"
"MLI",2011,37.0000002167134,0.225640544725373,"Mali"
"MLI",2012,335.999918753052,1.98845560037366,"Mali"
"MLI",2013,1119.99999123803,6.39314453803881,"Mali"
"MLI",2014,233.99999991083,1.2875466057652,"Mali"
"MLI",2015,248.999984441964,1.32141565008309,"Mali"
"MLI",2016,136.999998172376,0.701350046200812,"Mali"
"MLI",2017,869.999961553858,4.29550552450376,"Mali"
"NGA",1995,2.00000000004396,0.00191848303407761,"Nigeria"
"NGA",1996,28.9999999831773,0.0269720443023855,"Nigeria"
"NGA",1997,92.999999878391,0.0838489202123862,"Nigeria"
"NGA",1998,917.999955350061,0.802156630127761,"Nigeria"
"NGA",1999,2699.00005026452,2.28563412351735,"Nigeria"
"NGA",2000,192.999998856133,0.158413773475692,"Nigeria"
"NGA",2001,706.000002391492,0.561684671607252,"Nigeria"
"NGA",2002,257.999999654513,0.198952531566512,"Nigeria"
"NGA",2003,385.000010080638,0.287756833367448,"Nigeria"
"NGA",2004,1431.00021991279,1.03660601695519,"Nigeria"
"NGA",2005,77.0000000862022,0.0540549512907818,"Nigeria"
"NGA",2006,51.0000000374345,0.0346974210558755,"Nigeria"
"NGA",2007,156.999999980153,0.103535174676195,"Nigeria"
"NGA",2008,233.000000678305,0.148953810457185,"Nigeria"
"NGA",2009,1653.00011064889,1.02444987753927,"Nigeria"
"NGA",2010,902.000012095295,0.541965822140338,"Nigeria"
"NGA",2011,1629.00007243298,0.948990062056408,"Nigeria"
"NGA",2012,3063.00010548771,1.73024005256915,"Nigeria"
"NGA",2013,4450.99971797618,2.43837766818202,"Nigeria"
"NGA",2014,14075.9979126494,7.47970781471137,"Nigeria"
"NGA",2015,0,0,"Nigeria"
"NGA",2016,4961.0000989173,2.48094314829005,"Nigeria"
"NGA",2017,4057.99959683833,1.96906207289,"Nigeria"
"SAU",1995,13.9999999755337,0.0730862489810888,"Saudi Arabia"
"SAU",1996,19.0000000587675,0.0970518963694181,"Saudi Arabia"
"SAU",1997,0,0,"Saudi Arabia"
"SAU",1998,0,0,"Saudi Arabia"
"SAU",1999,0,0,"Saudi Arabia"
"SAU",2000,0.99999999977614,0.00472954033598565,"Saudi Arabia"
"SAU",2001,1.9999999999302,0.00927486334703577,"Saudi Arabia"
"SAU",2002,0.999999999994667,0.00454164703146942,"Saudi Arabia"
"SAU",2003,81.0000004942827,0.359639452156175,"Saudi Arabia"
"SAU",2004,154.999997445472,0.671166915237831,"Saudi Arabia"
"SAU",2005,32.0000000093944,0.134715609389435,"Saudi Arabia"
"SAU",2006,14.9999999921166,0.0612376020380762,"Saudi Arabia"
"SAU",2007,5.00000000571839,0.0197557793927691,"Saudi Arabia"
"SAU",2008,2.00000001689389,0.00763793694868387,"Saudi Arabia"
"SAU",2009,5.00000000694588,0.0184455781945119,"Saudi Arabia"
"SAU",2010,1.00000015967534,0.00356458694128462,"Saudi Arabia"
"SAU",2011,2.99999999703563,0.0103445219450339,"Saudi Arabia"
"SAU",2012,3.99999999926264,0.0133586082467567,"Saudi Arabia"
"SAU",2013,0.999999999853968,0.00323868556503458,"Saudi Arabia"
"SAU",2014,20.0000000224106,0.0628980846150848,"Saudi Arabia"
"SAU",2015,323.000019796609,0.98774851157759,"Saudi Arabia"
"SAU",2016,1978.99977286663,5.89285246039528,"Saudi Arabia"
"SAU",2017,2588.9995949343,7.51653571205717,"Saudi Arabia"
"SEN",1995,348.000010052351,3.98557049170602,"Senegal"
"SEN",1996,5.0000000000003,0.0557944549609739,"Senegal"
"SEN",1997,440.00000424484,4.78557345915889,"Senegal"
"SEN",1998,372.999992734388,3.95546187497778,"Senegal"
"SEN",1999,38.0000002390954,0.393029637685965,"Senegal"
"SEN",2000,75.0000010437083,0.756763175793994,"Senegal"
"SEN",2001,78.000008457602,0.767967297160893,"Senegal"
"SEN",2002,82.0000003835237,0.788024178407816,"Senegal"
"SEN",2003,39.9999999705614,0.375292857585509,"Senegal"
"SEN",2004,2.99999999999924,0.027484399228594,"Senegal"
"SEN",2005,0.999999999999318,0.00894773971738043,"Senegal"
"SEN",2006,8.00000000154668,0.0699210359327081,"Senegal"
"SEN",2007,7.00000001576314,0.0597642683163634,"Senegal"
"SEN",2008,13.999999995446,0.116771974771966,"Senegal"
"SEN",2009,28.0000000757594,0.22819015585875,"Senegal"
"SEN",2010,22.9999999932398,0.183171985209348,"Senegal"
"SEN",2011,50.999999739231,0.396988803835921,"Senegal"
"SEN",2012,24.0000000183819,0.182638608843143,"Senegal"
"SEN",2013,13.9999999805401,0.10417719499229,"Senegal"
"SEN",2014,16.0000000787422,0.116433045795912,"Senegal"
"SEN",2015,0.999999999227017,0.00711688913912782,"Senegal"
"SEN",2016,17.0000000294597,0.118332396473461,"Senegal"
"SEN",2017,0,0,"Senegal"
"SOM",1995,133.999996595905,1.66024802780175,"Somalia"
"SOM",1996,468.000025463512,5.60731402465486,"Somalia"
"SOM",1997,506.999780199338,5.86961039669283,"Somalia"
"SOM",1998,203.999975135528,2.26544285847077,"Somalia"
"SOM",1999,78.0000035734272,0.832003872520033,"Somalia"
"SOM",2000,29.9999997263815,0.30806150249464,"Somalia"
"SOM",2001,283.00000071115,2.79462213155696,"Somalia"
"SOM",2002,166.000017960561,1.57391667483386,"Somalia"
"SOM",2003,472.999992805291,4.31155782797699,"Somalia"
"SOM",2004,1315.99979390263,11.5654746223283,"Somalia"
"SOM",2005,300.999879152511,2.55589044260347,"Somalia"
"SOM",2006,612.000000572085,5.0141697466706,"Somalia"
"SOM",2007,2306.99946276355,18.287861007435,"Somalia"
"SOM",2008,2317.99833636966,17.8751616681457,"Somalia"
"SOM",2009,1912.00047655244,14.3400465540913,"Somalia"
"SOM",2010,3205.00175588848,23.6110068135504,"Somalia"
"SOM",2011,2581.0021737808,18.6673460983877,"Somalia"
"SOM",2012,3610.00533677107,25.3349686160093,"Somalia"
"SOM",2013,1996.99822687042,13.5489792162408,"Somalia"
"SOM",2014,1748.00127849907,11.4774272283243,"Somalia"
"SOM",2015,1668.00124458672,10.5769255488599,"Somalia"
"SOM",2016,2583.00155080499,15.8004930042417,"Somalia"
"SOM",2017,5444.99115194424,32.2563181612615,"Somalia"
"SYR",1995,0,0,"Syria"
"SYR",1996,14.9999999686466,0.0996883536711418,"Syria"
"SYR",1997,70.051931605211,0.454067781425475,"Syria"
"SYR",1998,13.6103860506178,0.0861092047931899,"Syria"
"SYR",1999,6.72668297556027,0.0415537943450096,"Syria"
"SYR",2000,6.80519304112592,0.0410242884541234,"Syria"
"SYR",2001,13.6103861099583,0.0800418919851613,"Syria"
"SYR",2002,68.0519326232465,0.389985282429982,"Syria"
"SYR",2003,54.4415438296762,0.303454114825663,"Syria"
"SYR",2004,7.40259649910072,0.0400816386766347,"Syria"
"SYR",2005,23.818175766071,0.122950845616398,"Syria"
"SYR",2006,685.519123400776,3.3060175379216,"Syria"
"SYR",2007,340.259611483638,1.57972688412704,"Syria"
"SYR",2008,137.090877413304,0.626656821033438,"Syria"
"SYR",2009,44.2077890794403,0.197575464982113,"Syria"
"SYR",2010,6.80519303866546,0.0299275890288448,"Syria"
"SYR",2011,11337.8067779768,50.2416689592497,"Syria"
"SYR",2012,60958.6830323031,285.946707434371,"Syria"
"SYR",2013,50783.3486960721,255.218080878757,"Syria"
"SYR",2014,73538.919022912,389.657443114527,"Syria"
"SYR",2015,55169.9129157222,304.473235336529,"Syria"
"SYR",2016,55472.1696436573,308.409635951478,"Syria"
"SYR",2017,41378.3452805801,228.216332884165,"Syria"
"TUN",1995,6.99999999596118,0.075465254423884,"Tunisia"
"TUN",1996,0,0,"Tunisia"
"TUN",1997,0,0,"Tunisia"
"TUN",1998,0,0,"Tunisia"
"TUN",1999,0,0,"Tunisia"
"TUN",2000,5.00000000469755,0.0504966081086367,"Tunisia"
"TUN",2001,3.00000000461485,0.0299854410462717,"Tunisia"
"TUN",2002,22.0000001282044,0.217739336770727,"Tunisia"
"TUN",2003,0,0,"Tunisia"
"TUN",2004,0,0,"Tunisia"
"TUN",2005,0,0,"Tunisia"
"TUN",2006,1.99999999839315,0.0191156395554735,"Tunisia"
"TUN",2007,25.99999950089,0.246487403926267,"Tunisia"
"TUN",2008,0,0,"Tunisia"
"TUN",2009,0,0,"Tunisia"
"TUN",2010,0,0,"Tunisia"
"TUN",2011,19.999999885846,0.183459406795506,"Tunisia"
"TUN",2012,9.00000001166222,0.0818567297062044,"Tunisia"
"TUN",2013,84.9999929716435,0.766434293607115,"Tunisia"
"TUN",2014,91.9999978660078,0.822474067307016,"Tunisia"
"TUN",2015,99.9999992732176,0.886698710175091,"Tunisia"
"TUN",2016,118.000001196496,1.03842473738068,"Tunisia"
"TUN",2017,25.0000005003403,0.218489775768862,"Tunisia"
"TUR",1995,3301.00012963822,5.30757336021524,"Turkey"
"TUR",1996,3416.99996518843,5.42674583377636,"Turkey"
"TUR",1997,2351.99996954034,3.69100537566594,"Turkey"
"TUR",1998,1979.99998368102,3.07114858162633,"Turkey"
"TUR",1999,1282.00000718922,1.96601083468639,"Turkey"
"TUR",2000,132.999999979819,0.201670017900774,"Turkey"
"TUR",2001,97.999999956802,0.146920734575541,"Turkey"
"TUR",2002,24.9999999999988,0.0370605341295903,"Turkey"
"TUR",2003,146.000000435914,0.214010248521647,"Turkey"
"TUR",2004,217.999997701126,0.315930619556328,"Turkey"
"TUR",2005,399.999999101701,0.573027683216787,"Turkey"
"TUR",2006,269.00000059816,0.380843500073782,"Turkey"
"TUR",2007,484.99999880425,0.678336016416049,"Turkey"
"TUR",2008,472.999996956463,0.653249629729343,"Turkey"
"TUR",2009,143.999999856671,0.196341968352788,"Turkey"
"TUR",2010,217.000002812634,0.29206900318417,"Turkey"
"TUR",2011,449.99999575566,0.598030177742502,"Turkey"
"TUR",2012,991.999997138366,1.30237245215274,"Turkey"
"TUR",2013,1309.00022414507,1.69854311535427,"Turkey"
"TUR",2014,1070.00023858192,1.37300099495165,"Turkey"
"TUR",2015,1542.99997959638,1.95854714403616,"Turkey"
"TUR",2016,2548.00004205285,3.19971361003205,"Turkey"
"TUR",2017,2966.00079109072,3.68644901934333,"Turkey"
"ZAF",1995,104.999998888014,0.255123008475207,"South Africa"
"ZAF",1996,82.0000004576928,0.194860062670735,"South Africa"
"ZAF",1997,62.999999051652,0.146462410755375,"South Africa"
"ZAF",1998,88.9999995940372,0.202576639254448,"South Africa"
"ZAF",1999,48.0000022794674,0.107097536210236,"South Africa"
"ZAF",2000,45.9999993359049,0.100804925021162,"South Africa"
"ZAF",2001,15.9999999072579,0.0345043587485884,"South Africa"
"ZAF",2002,18.9999999916613,0.0403933476557419,"South Africa"
"ZAF",2003,23.0000003618128,0.0482872125850829,"South Africa"
"ZAF",2004,33.9999999928035,0.0705864159859812,"South Africa"
"ZAF",2005,11.0000001309728,0.0226045993052841,"South Africa"
"ZAF",2006,9.00000000712626,0.0183197824037826,"South Africa"
"ZAF",2007,8.99999999065208,0.0181558434628597,"South Africa"
"ZAF",2008,35.0000003732268,0.0700042040869053,"South Africa"
"ZAF",2009,29.0000000107378,0.057518804235482,"South Africa"
"ZAF",2010,22.9999999881375,0.045220758550398,"South Africa"
"ZAF",2011,23.0000000846897,0.0447937958202661,"South Africa"
"ZAF",2012,170.000001247307,0.327674441087295,"South Africa"
"ZAF",2013,70.999999179731,0.135313678099392,"South Africa"
"ZAF",2014,104.00000036686,0.195852489986025,"South Africa"
"ZAF",2015,142.999998442552,0.266156866674443,"South Africa"
"ZAF",2016,84.99999960372,0.156434926116595,"South Africa"
"ZAF",2017,63.9999998296487,0.116463456484931,"South Africa"
