"Code","Year","Population.with.access.to.improved.sanitation","Population.without.access.to.improved.sanitation","Access.to.electricity....of.population.","Entity"
"CIV",1995,2355613,12185207,42.2695693969727,"Cote d'Ivoire"
"CIV",1996,2459221,12536028,43.3698501586914,"Cote d'Ivoire"
"CIV",1997,2579480,12866506,44.456600189209,"Cote d'Ivoire"
"CIV",1998,2700374,13184178,45.5271148681641,"Cote d'Ivoire"
"CIV",1999,2819940,13480293,48.2,"Cote d'Ivoire"
"CIV",2000,2936835,13749726,47.6174240112305,"Cote d'Ivoire"
"CIV",2001,3050187,13989965,48.6439170837402,"Cote d'Ivoire"
"CIV",2002,3160706,14205811,51.4,"Cote d'Ivoire"
"CIV",2003,3288360,14390995,50.6790618896484,"Cote d'Ivoire"
"CIV",2004,3401572,14596166,51.6955146789551,"Cote d'Ivoire"
"CIV",2005,3520570,14815733,58.9,"Cote d'Ivoire"
"CIV",2006,3646390,15053045,53.745677947998,"Cote d'Ivoire"
"CIV",2007,3798102,15287839,54.7862396240234,"Cote d'Ivoire"
"CIV",2008,3938593,15559393,55.8373031616211,"Cote d'Ivoire"
"CIV",2009,4106891,15829475,56.8971138000488,"Cote d'Ivoire"
"CIV",2010,4263878,16137453,57.9639282226563,"Cote d'Ivoire"
"CIV",2011,4450701,16444610,59.0359878540039,"Cote d'Ivoire"
"CIV",2012,4626418,16792185,55.8,"Cote d'Ivoire"
"CIV",2013,4832589,17133723,61.1888618469238,"Cote d'Ivoire"
"CIV",2014,5024491,17506859,61.9,"Cote d'Ivoire"
"CIV",2015,5199406,17909066,64.0861968994141,"Cote d'Ivoire"
"CIV",2016,NA,NA,64.3,"Cote d'Ivoire"
"CMR",1995,5519008,7941986,36.1630668640137,"Cameroon"
"CMR",1996,5704551,8107921,37.3451614379883,"Cameroon"
"CMR",1997,5878651,8286772,38.5119590759277,"Cameroon"
"CMR",1998,6056329,8467241,40.7,"Cameroon"
"CMR",1999,6254594,8637297,40.7874374389648,"Cameroon"
"CMR",2000,6445727,8828507,41,"Cameroon"
"CMR",2001,6644897,9027030,46.2,"Cameroon"
"CMR",2002,6868246,9216640,44.0505065917969,"Cameroon"
"CMR",2003,7084430,9429392,45.1175422668457,"Cameroon"
"CMR",2004,7326323,9632758,47.1,"Cameroon"
"CMR",2005,7560625,9860170,47.257022857666,"Cameroon"
"CMR",2006,7822109,10077453,49,"Cameroon"
"CMR",2007,8075576,10319813,48.2,"Cameroon"
"CMR",2008,8356898,10550110,50.5691757202148,"Cameroon"
"CMR",2009,8628048,10804493,51.7152557373047,"Cameroon"
"CMR",2010,8926811,11043684,52.8793601989746,"Cameroon"
"CMR",2011,9213681,11306766,53.7,"Cameroon"
"CMR",2012,9529237,11553146,55.249626159668,"Cameroon"
"CMR",2013,9831695,11824020,56.4497795104981,"Cameroon"
"CMR",2014,10141396,12098508,56.8,"Cameroon"
"CMR",2015,10458211,12376311,58.8651008605957,"Cameroon"
"CMR",2016,NA,NA,60.0747680664063,"Cameroon"
"COD",1995,8443936,33151808,3.34612107276917,"Democratic Republic of Congo"
"COD",1996,8896273,33874271,4.04676628112793,"Democratic Republic of Congo"
"COD",1997,9335821,34494325,4.73211622238159,"Democratic Republic of Congo"
"COD",1998,9775235,35065294,5.39911127090454,"Democratic Republic of Congo"
"COD",1999,10189504,35709163,6.0446925163269,"Democratic Republic of Congo"
"COD",2000,10686340,36390047,6.7,"Democratic Republic of Congo"
"COD",2001,11179092,37215246,7.27154016494751,"Democratic Republic of Congo"
"COD",2002,11711403,38124353,7.86341238021851,"Democratic Republic of Congo"
"COD",2003,12333608,39056425,8.44900131225586,"Democratic Republic of Congo"
"COD",2004,12940349,40093868,9.03436851501465,"Democratic Republic of Congo"
"COD",2005,13578366,41173110,6,"Democratic Republic of Congo"
"COD",2006,14248839,42294172,10.2286949157715,"Democratic Republic of Congo"
"COD",2007,14954896,43462666,15.2,"Democratic Republic of Congo"
"COD",2008,15697138,44676470,11.4933834075928,"Democratic Republic of Congo"
"COD",2009,16476091,45933344,12.1580152511597,"Democratic Republic of Congo"
"COD",2010,17292234,47231029,12.8406705856323,"Democratic Republic of Congo"
"COD",2011,18146098,48567499,13.5383453369141,"Democratic Republic of Congo"
"COD",2012,19038116,49940566,15.4,"Democratic Republic of Congo"
"COD",2013,19897173,51418860,14.9667387008667,"Democratic Republic of Congo"
"COD",2014,20863569,52859291,13.5,"Democratic Republic of Congo"
"COD",2015,21868430,54328189,16.4191646575928,"Democratic Republic of Congo"
"COD",2016,NA,NA,17.1473789215088,"Democratic Republic of Congo"
"COG",1995,NA,NA,8.66249561309814,"Congo"
"COG",1996,NA,NA,10.9870653152466,"Congo"
"COG",1997,370309,2592161,13.2963399887085,"Congo"
"COG",1998,384105,2664348,15.5872592926025,"Congo"
"COG",1999,395179,2741165,17.8567657470703,"Congo"
"COG",2000,409667,2816060,20.1033191680908,"Congo"
"COG",2001,424423,2891383,22.3314628601074,"Congo"
"COG",2002,439526,2967654,24.5472602844238,"Congo"
"COG",2003,458830,3043689,26.7567729949951,"Congo"
"COG",2004,475918,3129521,28.966064453125,"Congo"
"COG",2005,498245,3219998,33.8,"Congo"
"COG",2006,522562,3319803,33.4082412719727,"Congo"
"COG",2007,544746,3431500,35.653247833252,"Congo"
"COG",2008,572045,3543390,37.9207763671875,"Congo"
"COG",2009,599773,3653939,37.1,"Congo"
"COG",2010,627297,3759396,42.5159149169922,"Congo"
"COG",2011,649833,3862897,44.8375129699707,"Congo"
"COG",2012,676471,3956892,41.6,"Congo"
"COG",2013,703206,4048187,49.5137557983399,"Congo"
"COG",2014,725794,4145307,51.8623924255371,"Congo"
"COG",2015,749347,4246301,60.4,"Congo"
"COG",2016,NA,NA,56.5661697387695,"Congo"
"COM",1995,101259,374135,27.6020545959473,"Comoros"
"COM",1996,107987,380640,28.9,"Comoros"
"COM",1997,114445,387508,32.458610534668,"Comoros"
"COM",1998,121631,393754,34.8608856201172,"Comoros"
"COM",1999,128510,400338,37.2417488098145,"Comoros"
"COM",2000,136132,406225,39.5996589660645,"Comoros"
"COM",2001,143419,412469,41.9391593933105,"Comoros"
"COM",2002,151481,417998,44.8,"Comoros"
"COM",2003,159800,423411,46.5871810913086,"Comoros"
"COM",2004,167821,429407,48.9078330993652,"Comoros"
"COM",2005,176760,434867,51.2343215942383,"Comoros"
"COM",2006,185422,441003,53.5727195739746,"Comoros"
"COM",2007,195052,446568,55.929084777832,"Comoros"
"COM",2008,205055,452174,58.3079681396484,"Comoros"
"COM",2009,214767,458485,60.7078819274902,"Comoros"
"COM",2010,225529,464163,63.1258201599121,"Comoros"
"COM",2011,236701,469868,65.5587768554688,"Comoros"
"COM",2012,247563,476305,69.3,"Comoros"
"COM",2013,259525,481975,70.4577331542969,"Comoros"
"COM",2014,271860,487525,72.917724609375,"Comoros"
"COM",2015,278318,499106,75.3807144165039,"Comoros"
"COM",2016,NA,NA,77.8442153930664,"Comoros"
"DZA",1995,23614811,5289487,98.7707138061524,"Algeria"
"DZA",1996,24146772,5264643,98.8460083007812,"Algeria"
"DZA",1997,24656642,5230197,98.906005859375,"Algeria"
"DZA",1998,25148322,5187410,98.9476470947266,"Algeria"
"DZA",1999,25627756,5137857,98.9678802490234,"Algeria"
"DZA",2000,26069540,5114120,98.9651565551758,"Algeria"
"DZA",2001,26537409,5054744,98.9440231323242,"Algeria"
"DZA",2002,26971824,5023222,98.9105377197266,"Algeria"
"DZA",2003,27445776,4957738,98.8707733154297,"Algeria"
"DZA",2004,27906432,4924664,98.8307876586914,"Algeria"
"DZA",2005,28395037,4893400,98.7966461181641,"Algeria"
"DZA",2006,28913895,4864020,98.7744140625,"Algeria"
"DZA",2007,29429465,4870611,98.7701416015625,"Algeria"
"DZA",2008,30015076,4845639,99.3,"Algeria"
"DZA",2009,30642417,4823343,98.8276748657227,"Algeria"
"DZA",2010,31277874,4839763,98.8849716186523,"Algeria"
"DZA",2011,31959376,4860182,98.9572982788086,"Algeria"
"DZA",2012,32682287,4883560,98.7646604654583,"Algeria"
"DZA",2013,33431226,4907336,99.1349868774414,"Algeria"
"DZA",2014,34185036,4928277,99.2343444824219,"Algeria"
"DZA",2015,34927459,4944069,99.3367080688477,"Algeria"
"DZA",2016,NA,NA,99.439567565918,"Algeria"
"EGY",1995,50206936,13507450,95.5,"Egypt"
"EGY",1996,51816898,13116558,96.0658493041992,"Egypt"
"EGY",1997,53582405,12568712,96.3816375732422,"Egypt"
"EGY",1998,55317384,12060672,96.679069519043,"Egypt"
"EGY",1999,57097384,11529280,96.9550933837891,"Egypt"
"EGY",2000,58930748,10975240,97.7,"Egypt"
"EGY",2001,60899034,10327906,97.4428253173828,"Egypt"
"EGY",2002,62863042,9727076,97.6651306152344,"Egypt"
"EGY",2003,64882163,9099779,98.8,"Egypt"
"EGY",2004,66939126,8442773,98.1013488769531,"Egypt"
"EGY",2005,69100334,7677815,99.4,"Egypt"
"EGY",2006,71202893,6956155,99.04,"Egypt"
"EGY",2007,73333347,6203906,98.8195953369141,"Egypt"
"EGY",2008,75529971,5423910,99.8,"Egypt"
"EGY",2009,77846981,4618041,99.3794631958008,"Egypt"
"EGY",2010,79649903,4457703,99.6496963500977,"Egypt"
"EGY",2011,81344990,4552571,99.8531723022461,"Egypt"
"EGY",2012,83159154,4654103,99.7,"Egypt"
"EGY",2013,85047639,4759794,99.9950942993164,"Egypt"
"EGY",2014,86946500,4866066,99.8,"Egypt"
"EGY",2015,88807929,4970243,100,"Egypt"
"EGY",2016,NA,NA,100,"Egypt"
"ERI",1995,302836,2787323,22.9,"Eritrea"
"ERI",1996,314754,2801625,24.8012676239014,"Eritrea"
"ERI",1997,328780,2832570,25.9255447387695,"Eritrea"
"ERI",1998,344992,2879231,27.0314693450928,"Eritrea"
"ERI",1999,366551,2935712,28.1159801483154,"Eritrea"
"ERI",2000,386779,3006022,29.1775379180908,"Eritrea"
"ERI",2001,409164,3087960,30.2206859588623,"Eritrea"
"ERI",2002,433757,3180882,32.2,"Eritrea"
"ERI",2003,463545,3274720,32.2760047912598,"Eritrea"
"ERI",2004,490045,3368578,33.3003044128418,"Eritrea"
"ERI",2005,515971,3453036,34.3304443359375,"Eritrea"
"ERI",2006,540864,3525784,35.372486114502,"Eritrea"
"ERI",2007,569006,3584326,36.4324989318848,"Eritrea"
"ERI",2008,592569,3640067,37.5150337219238,"Eritrea"
"ERI",2009,616378,3693956,38.618595123291,"Eritrea"
"ERI",2010,641063,3749777,39.7401809692383,"Eritrea"
"ERI",2011,666729,3807961,40.8767852783203,"Eritrea"
"ERI",2012,NA,NA,42.0254058837891,"Eritrea"
"ERI",2013,NA,NA,43.1830368041992,"Eritrea"
"ERI",2014,NA,NA,44.3466758728027,"Eritrea"
"ERI",2015,NA,NA,45.5133209228516,"Eritrea"
"ERI",2016,NA,NA,46.6804618835449,"Eritrea"
"ETH",1995,1719296,55590584,1.11878561973572,"Ethiopia"
"ETH",1996,1774654,57380494,2.78076887130737,"Ethiopia"
"ETH",1997,2804917,58171533,4.42745685577393,"Ethiopia"
"ETH",1998,3704855,59089296,6.05578994750977,"Ethiopia"
"ETH",1999,4718724,59921330,7.66270923614502,"Ethiopia"
"ETH",2000,5722210,60815121,12.7,"Ethiopia"
"ETH",2001,6780733,61711524,10.8122329711914,"Ethiopia"
"ETH",2002,7895686,62601506,12.3654432296753,"Ethiopia"
"ETH",2003,9140688,63404456,13.9123697280884,"Ethiopia"
"ETH",2004,10372792,64251613,15.4590759277344,"Ethiopia"
"ETH",2005,11662517,65064566,14,"Ethiopia"
"ETH",2006,13010364,65840325,18.576078414917,"Ethiopia"
"ETH",2007,14418073,66582336,20.1585006713867,"Ethiopia"
"ETH",2008,15888314,67296578,21.7634429931641,"Ethiopia"
"ETH",2009,17424916,67991337,23.3894119262695,"Ethiopia"
"ETH",2010,19031479,68671191,25.0334053039551,"Ethiopia"
"ETH",2011,20710754,69336002,23,"Ethiopia"
"ETH",2012,22463936,69980247,28.3634471893311,"Ethiopia"
"ETH",2013,24196370,70691354,30.0434875488281,"Ethiopia"
"ETH",2014,26094295,71272479,27.2,"Ethiopia"
"ETH",2015,27964449,71908584,33.4185905456543,"Ethiopia"
"ETH",2016,NA,NA,42.9,"Ethiopia"
"GHA",1995,1441400,15319067,34.2583389282227,"Ghana"
"GHA",1996,1546705,15638903,36.3781776428223,"Ghana"
"GHA",1997,1637620,15971192,38.482723236084,"Ghana"
"GHA",1998,1731503,16304991,42.6,"Ghana"
"GHA",1999,1847761,16629851,42.6336860656738,"Ghana"
"GHA",2000,1950692,16988070,44.6755104064941,"Ghana"
"GHA",2001,2058690,17362915,46.6989250183105,"Ghana"
"GHA",2002,2191697,17732825,48.7099914550781,"Ghana"
"GHA",2003,2310486,18136296,48.3,"Ghana"
"GHA",2004,2434438,18552098,52.7193374633789,"Ghana"
"GHA",2005,2585041,18956968,54.7297439575195,"Ghana"
"GHA",2006,2719951,19393474,55.0934500757703,"Ghana"
"GHA",2007,2860227,19839985,58.7923316955566,"Ghana"
"GHA",2008,3028823,20269817,60.5,"Ghana"
"GHA",2009,3179210,20724621,62.9389572143555,"Ghana"
"GHA",2010,3358158,21153946,65.0408096313477,"Ghana"
"GHA",2011,3517051,21604745,64.06256,"Ghana"
"GHA",2012,3705559,22027490,69.2865600585938,"Ghana"
"GHA",2013,3872899,22473352,70.7,"Ghana"
"GHA",2014,3990459,22972104,78.3,"Ghana"
"GHA",2015,4109840,23472981,75.7152786254883,"Ghana"
"GHA",2016,NA,NA,79.3,"Ghana"
"GIN",1995,834344,7036829,11.6221561431885,"Guinea"
"GIN",1996,894581,7237971,12.6361989974976,"Guinea"
"GIN",1997,958869,7379119,13.6349468231201,"Guinea"
"GIN",1998,1011892,7491405,14.6153392791748,"Guinea"
"GIN",1999,1073067,7580702,16.4,"Guinea"
"GIN",2000,1136302,7672244,16.5103454589844,"Guinea"
"GIN",2001,1202133,7769006,17.4279613494873,"Guinea"
"GIN",2002,1260954,7876391,18.33323097229,"Guinea"
"GIN",2003,1331308,7978540,19.2322177886963,"Guinea"
"GIN",2004,1404554,8085675,20.1309833526611,"Guinea"
"GIN",2005,1481001,8198744,20.2,"Guinea"
"GIN",2006,1561266,8320162,21.9521045684814,"Guinea"
"GIN",2007,1645767,8450960,22.8865871429443,"Guinea"
"GIN",2008,1734288,8588854,23.8435878753662,"Guinea"
"GIN",2009,1826279,8730245,24.8216171264648,"Guinea"
"GIN",2010,1932156,8862014,25.8176708221436,"Guinea"
"GIN",2011,2030471,9004699,26.828742980957,"Guinea"
"GIN",2012,2132198,9149271,26.2,"Guinea"
"GIN",2013,2238103,9298512,28.8839321136475,"Guinea"
"GIN",2014,2361102,9444407,29.9220409393311,"Guinea"
"GIN",2015,2430398,9661135,30.9631519317627,"Guinea"
"GIN",2016,NA,NA,33.5,"Guinea"
"GMB",1995,642932,423291,22.569486618042,"Gambia"
"GMB",1996,661315,435393,23.8123397827148,"Gambia"
"GMB",1997,678030,450139,25.0398960113525,"Gambia"
"GMB",1998,696566,464378,26.2490978240967,"Gambia"
"GMB",1999,714861,480559,27.4368858337402,"Gambia"
"GMB",2000,735411,496433,34.3,"Gambia"
"GMB",2001,757215,513280,29.7481460571289,"Gambia"
"GMB",2002,780253,531096,30.8822250366211,"Gambia"
"GMB",2003,804391,549803,32.0100212097168,"Gambia"
"GMB",2004,829354,569219,33.1375961303711,"Gambia"
"GMB",2005,854969,589235,30.4562675012354,"Gambia"
"GMB",2006,881193,609828,35.4163360595703,"Gambia"
"GMB",2007,908078,631038,36.5796241760254,"Gambia"
"GMB",2008,935669,652903,37.765438079834,"Gambia"
"GMB",2009,965701,673859,38.9722747802734,"Gambia"
"GMB",2010,994984,697165,40.197135925293,"Gambia"
"GMB",2011,1026861,719502,41.4370193481445,"Gambia"
"GMB",2012,1057847,744278,42.6889152526856,"Gambia"
"GMB",2013,1093283,766041,44.5,"Gambia"
"GMB",2014,1127697,790155,45.2167434692383,"Gambia"
"GMB",2015,1164801,812789,46.4866638183594,"Gambia"
"GMB",2016,NA,NA,47.7570877075195,"Gambia"
"IRN",1995,44704825,15870819,96.809928894043,"Iran"
"IRN",1996,46064151,15518938,97.0314331054688,"Iran"
"IRN",1997,47597313,15113244,97.2376480102539,"Iran"
"IRN",1998,49139584,14761046,97.4255142211914,"Iran"
"IRN",1999,50683812,14378848,97.5919570922852,"Iran"
"IRN",2000,52178033,13953821,97.9,"Iran"
"IRN",2001,53610035,13486379,97.8605346679688,"Iran"
"IRN",2002,54930531,13052799,97.973274230957,"Iran"
"IRN",2003,56288799,12523914,98.0795593261719,"Iran"
"IRN",2004,57642959,11974141,98.1903381347656,"Iran"
"IRN",2005,59013478,11408333,98.3069381713867,"Iran"
"IRN",2006,60401242,10826638,98.4,"Iran"
"IRN",2007,61730655,10300448,98.5798568725586,"Iran"
"IRN",2008,63157085,9688457,98.7438735961914,"Iran"
"IRN",2009,64550307,9137258,98.9274291992187,"Iran"
"IRN",2010,66066815,8500696,99.1287078857422,"Iran"
"IRN",2011,67413983,8077599,99.3441925048828,"Iran"
"IRN",2012,68502402,7951172,99.5637664794922,"Iran"
"IRN",2013,69614410,7820974,99.7617797851563,"Iran"
"IRN",2014,70491572,7919520,100,"Iran"
"IRN",2015,71424438,7936049,99.9750518798828,"Iran"
"IRN",2016,NA,NA,100,"Iran"
"IRQ",1995,14448997,5759390,95.0749282836914,"Iraq"
"IRQ",1996,15050735,5795158,95.3692932128906,"Iraq"
"IRQ",1997,15701782,5807509,95.6483688354492,"Iraq"
"IRQ",1998,16354214,5836036,95.9090881347656,"Iraq"
"IRQ",1999,17044226,5833930,96.1483917236328,"Iraq"
"IRQ",2000,17744756,5820657,96.36474609375,"Iraq"
"IRQ",2001,18479757,5771892,96.5626907348633,"Iraq"
"IRQ",2002,19178321,5760978,96.7482833862305,"Iraq"
"IRQ",2003,19912665,5714961,96.9275970458984,"Iraq"
"IRQ",2004,20658538,5658071,97.106689453125,"Iraq"
"IRQ",2005,21417682,5590744,97.291618347168,"Iraq"
"IRQ",2006,22186028,5511884,97.6221115649303,"Iraq"
"IRQ",2007,22967860,5422573,98.1,"Iraq"
"IRQ",2008,23784028,5327389,97.9405975341797,"Iraq"
"IRQ",2009,24663088,5231564,98.2124557495117,"Iraq"
"IRQ",2010,25625330,5137371,98.4866027832031,"Iraq"
"IRQ",2011,26650725,5076328,98,"Iraq"
"IRQ",2012,27794532,4982039,99.3,"Iraq"
"IRQ",2013,29003972,4879173,99.3796005249023,"Iraq"
"IRQ",2014,29965204,5040876,99.6554107666016,"Iraq"
"IRQ",2015,30914996,5200653,99.8621826171875,"Iraq"
"IRQ",2016,NA,NA,100,"Iraq"
"ISR",1995,5545000,0,100,"Israel"
"ISR",1996,5692000,0,100,"Israel"
"ISR",1997,5836000,0,100,"Israel"
"ISR",1998,5971000,0,100,"Israel"
"ISR",1999,6125000,0,100,"Israel"
"ISR",2000,6289000,0,100,"Israel"
"ISR",2001,6439000,0,100,"Israel"
"ISR",2002,6570000,0,100,"Israel"
"ISR",2003,6689700,0,100,"Israel"
"ISR",2004,6809000,0,100,"Israel"
"ISR",2005,6930100,0,100,"Israel"
"ISR",2006,7053700,0,100,"Israel"
"ISR",2007,7180100,0,100,"Israel"
"ISR",2008,7308800,0,100,"Israel"
"ISR",2009,7485600,0,100,"Israel"
"ISR",2010,7623600,0,100,"Israel"
"ISR",2011,7765800,0,100,"Israel"
"ISR",2012,7910500,0,100,"Israel"
"ISR",2013,8059500,0,100,"Israel"
"ISR",2014,8215700,0,100,"Israel"
"ISR",2015,8380100,0,100,"Israel"
"ISR",2016,NA,NA,100,"Israel"
"KEN",1995,7028039,20318417,9.76826190948486,"Kenya"
"KEN",1996,7318411,20829323,11.0336608886719,"Kenya"
"KEN",1997,7585978,21368136,12.2837648391724,"Kenya"
"KEN",1998,7859228,21910575,14.5,"Kenya"
"KEN",1999,8170306,22430091,14.7258501052856,"Kenya"
"KEN",2000,8460180,22990303,15.9132328033447,"Kenya"
"KEN",2001,8759122,23562360,17.0822067260742,"Kenya"
"KEN",2002,9100638,24113371,18.2388324737549,"Kenya"
"KEN",2003,9420115,24710737,16,"Kenya"
"KEN",2004,9750831,25324100,20.5392971038818,"Kenya"
"KEN",2005,10093521,25954767,21.6952629089355,"Kenya"
"KEN",2006,10485730,26566320,22.8631324768066,"Kenya"
"KEN",2007,10854484,27231425,24.0489711761475,"Kenya"
"KEN",2008,11235595,27912821,25.2573299407959,"Kenya"
"KEN",2009,11668789,28568415,23,"Kenya"
"KEN",2010,12074244,29275908,19.2,"Kenya"
"KEN",2011,12491131,29995708,28.9965534210205,"Kenya"
"KEN",2012,12919402,30727227,30.2709999084473,"Kenya"
"KEN",2013,13403228,31423621,31.5544567108154,"Kenya"
"KEN",2014,13853299,32170951,36,"Kenya"
"KEN",2015,14218114,33018145,41.6,"Kenya"
"KEN",2016,NA,NA,56,"Kenya"
"LBN",1995,NA,NA,98.7743072509766,"Lebanon"
"LBN",1996,NA,NA,98.9223937988281,"Lebanon"
"LBN",1997,NA,NA,99.0552062988281,"Lebanon"
"LBN",1998,2575237,538714,99.1699523925781,"Lebanon"
"LBN",1999,2610546,546100,99.2647857666015,"Lebanon"
"LBN",2000,2675648,559718,99.3398971557617,"Lebanon"
"LBN",2001,2778603,581256,99.3980941772461,"Lebanon"
"LBN",2002,2913386,609451,99.4442291259766,"Lebanon"
"LBN",2003,3050006,651458,99.4841003417969,"Lebanon"
"LBN",2004,3175605,687662,99.9,"Lebanon"
"LBN",2005,3269219,717633,99.569221496582,"Lebanon"
"LBN",2006,3318912,738438,99.3838170909681,"Lebanon"
"LBN",2007,3334556,751910,99.9,"Lebanon"
"LBN",2008,3342281,768766,99.9,"Lebanon"
"LBN",2009,3392540,790616,99.878303527832,"Lebanon"
"LBN",2010,3508747,828394,99.9488067626953,"Lebanon"
"LBN",2011,3702813,885555,99.6840109542869,"Lebanon"
"LBN",2012,3967538,948866,99.9983062744141,"Lebanon"
"LBN",2013,4257814,1018288,100,"Lebanon"
"LBN",2014,4521846,1081433,100,"Lebanon"
"LBN",2015,4722144,1129335,100,"Lebanon"
"LBN",2016,NA,NA,100,"Lebanon"
"LBY",1995,4775590,173208,99.8607635498047,"Libya"
"LBY",1996,4859628,176256,99.8411636352539,"Libya"
"LBY",1997,4938165,179104,99.8062591552734,"Libya"
"LBY",1998,5013659,181843,99.7529983520508,"Libya"
"LBY",1999,5089567,184596,99.6783294677734,"Libya"
"LBY",2000,5168300,187451,99.8,"Libya"
"LBY",2001,5250146,190420,99.4646759033203,"Libya"
"LBY",2002,5334052,193463,99.336296081543,"Libya"
"LBY",2003,5419394,196558,99.2016296386719,"Libya"
"LBY",2004,5505092,199667,99.0667419433594,"Libya"
"LBY",2005,5589944,202744,98.9377059936523,"Libya"
"LBY",2006,5675585,205850,98.8205642700195,"Libya"
"LBY",2007,5761399,208963,98.7213973999024,"Libya"
"LBY",2008,5847273,205805,98.6447525024414,"Libya"
"LBY",2009,5912937,208116,98.5891265869141,"Libya"
"LBY",2010,5959389,209751,98.5515365600586,"Libya"
"LBY",2011,5982922,210579,98.5289535522461,"Libya"
"LBY",2012,5987517,210741,98.5183944702148,"Libya"
"LBY",2013,5985307,210663,98.516845703125,"Libya"
"LBY",2014,5993168,210940,98.5213012695313,"Libya"
"LBY",2015,6022967,211988,98.5287628173828,"Libya"
"LBY",2016,NA,NA,98.5367279052735,"Libya"
"MAR",1995,15920236,11154996,56.5,"Morocco"
"MAR",1996,16421441,11039162,61.3154487609863,"Morocco"
"MAR",1997,16945974,10879927,63.4795417785645,"Morocco"
"MAR",1998,17440488,10734775,65.6252746582031,"Morocco"
"MAR",1999,17935808,10578990,67.7495956420898,"Morocco"
"MAR",2000,18463757,10385864,69.8509674072266,"Morocco"
"MAR",2001,18968191,10213641,71.9339218139649,"Morocco"
"MAR",2002,19478163,10034205,74.0045394897461,"Morocco"
"MAR",2003,19965594,9878343,76.0688629150391,"Morocco"
"MAR",2004,20491735,9687550,78.2,"Morocco"
"MAR",2005,21029017,9492053,80.2029266357422,"Morocco"
"MAR",2006,21577673,9291673,96.5,"Morocco"
"MAR",2007,22139150,9086731,84.3846054077148,"Morocco"
"MAR",2008,22718139,8878716,86.506950378418,"Morocco"
"MAR",2009,23320635,8669262,88.6503219604492,"Morocco"
"MAR",2010,23918314,8491325,90.8117141723633,"Morocco"
"MAR",2011,24545541,8313282,92.9881286621094,"Morocco"
"MAR",2012,25200344,8133445,95.1765670776367,"Morocco"
"MAR",2013,25875948,7948821,97.3740081787109,"Morocco"
"MAR",2014,26287651,8030431,91.6,"Morocco"
"MAR",2015,26694148,8109174,99.5860137939453,"Morocco"
"MAR",2016,NA,NA,100,"Morocco"
"MDG",1995,1334065,12141335,11.7507095336914,"Madagascar"
"MDG",1996,1390269,12512419,12.1619205474854,"Madagascar"
"MDG",1997,1434785,12913069,10.9,"Madagascar"
"MDG",1998,1495688,13313103,12.935396194458,"Madagascar"
"MDG",1999,1558817,13723704,13.291543006897,"Madagascar"
"MDG",2000,1623981,14142825,13.6247367858887,"Madagascar"
"MDG",2001,1691137,14569795,14.8,"Madagascar"
"MDG",2002,1760337,15004780,14.2419586181641,"Madagascar"
"MDG",2003,1831589,15447552,20.3,"Madagascar"
"MDG",2004,1887118,15915879,14.8340463638306,"Madagascar"
"MDG",2005,1980366,16356358,15.1358213424683,"Madagascar"
"MDG",2006,2057949,16822319,15.4495029449463,"Madagascar"
"MDG",2007,2137688,17295835,15.7811517715454,"Madagascar"
"MDG",2008,2219608,17776861,16.1353225708008,"Madagascar"
"MDG",2009,2303742,18265379,17.4,"Madagascar"
"MDG",2010,2411287,18740353,16.9037399291992,"Madagascar"
"MDG",2011,2500554,19243395,14.3,"Madagascar"
"MDG",2012,2592202,19754371,17.7322368621826,"Madagascar"
"MDG",2013,2686454,20274692,12.9,"Madagascar"
"MDG",2014,2807186,20782615,18.5967807769775,"Madagascar"
"MDG",2015,2908091,21325997,19.0350608825684,"Madagascar"
"MDG",2016,NA,NA,22.9,"Madagascar"
"MLI",1995,1536712,8067738,2.4924738407135,"Mali"
"MLI",1996,1606660,8250150,6.2,"Mali"
"MLI",1997,1689054,8425040,5.66663694381714,"Mali"
"MLI",1998,1775123,8605712,7.22771644592285,"Mali"
"MLI",1999,1866152,8797571,8.76738166809082,"Mali"
"MLI",2000,1974184,8993506,10.2840948104858,"Mali"
"MLI",2001,2077959,9215299,10.8,"Mali"
"MLI",2002,2199758,9439171,13.2683544158936,"Mali"
"MLI",2003,2316990,9688138,14.7480278015137,"Mali"
"MLI",2004,2441205,9950701,16.2274799346924,"Mali"
"MLI",2005,2585350,10213413,17.7127742767334,"Mali"
"MLI",2006,2724775,10502289,16.6,"Mali"
"MLI",2007,2885553,10790053,20.7251415252686,"Mali"
"MLI",2008,3039716,11098500,22.2628307342529,"Mali"
"MLI",2009,3213451,11393146,24.0308958348372,"Mali"
"MLI",2010,3376819,11698266,25.398286819458,"Mali"
"MLI",2011,3558886,11982103,26.9900455474853,"Mali"
"MLI",2012,3729554,12277116,25.6,"Mali"
"MLI",2013,3921721,12556097,30.2066078186035,"Mali"
"MLI",2014,4105009,12857837,31.8254013061523,"Mali"
"MLI",2015,4314573,13153332,37.6,"Mali"
"MLI",2016,NA,NA,35.0694999694824,"Mali"
"NGA",1995,38884127,69127338,37.7699241638184,"Nigeria"
"NGA",1996,39420914,71311990,38.7998695373535,"Nigeria"
"NGA",1997,39959992,73562713,39.8145141601562,"Nigeria"
"NGA",1998,40502241,75883509,40.8108100891113,"Nigeria"
"NGA",1999,41048513,78278560,44.9,"Nigeria"
"NGA",2000,41599683,80752326,42.7376136779785,"Nigeria"
"NGA",2001,42281177,83182257,43.6711311340332,"Nigeria"
"NGA",2002,42846014,85820696,44.5923004150391,"Nigeria"
"NGA",2003,43418963,88553570,52.2,"Nigeria"
"NGA",2004,44138319,91255297,46.4218521118164,"Nigeria"
"NGA",2005,44738512,94200966,47.3423614501953,"Nigeria"
"NGA",2006,45493896,97120198,48.2747764587402,"Nigeria"
"NGA",2007,46121363,100295661,50.1309194284432,"Nigeria"
"NGA",2008,46908386,103439004,50.3,"Nigeria"
"NGA",2009,47555872,106846309,51.1919898986816,"Nigeria"
"NGA",2010,48366370,110211891,48,"Nigeria"
"NGA",2011,49188877,113688199,55.9,"Nigeria"
"NGA",2012,50021888,117275396,54.269905090332,"Nigeria"
"NGA",2013,50861474,120967829,55.6,"Nigeria"
"NGA",2014,51702927,124757575,56.3719139099121,"Nigeria"
"NGA",2015,52542706,128639038,52.5,"Nigeria"
"NGA",2016,NA,NA,59.3,"Nigeria"
"SAU",1995,17592955,1142886,NA,"Saudi Arabia"
"SAU",1996,18060210,1071368,NA,"Saudi Arabia"
"SAU",1997,18530297,975279,NA,"Saudi Arabia"
"SAU",1998,19007630,874828,NA,"Saudi Arabia"
"SAU",1999,19523219,771187,NA,"Saudi Arabia"
"SAU",2000,20099854,664458,NA,"Saudi Arabia"
"SAU",2001,20728395,575197,NA,"Saudi Arabia"
"SAU",2002,21446276,460032,NA,"Saudi Arabia"
"SAU",2003,22218079,338346,NA,"Saudi Arabia"
"SAU",2004,23019830,209060,100,"Saudi Arabia"
"SAU",2005,23833937,71717,100,"Saudi Arabia"
"SAU",2006,24578301,0,100,"Saudi Arabia"
"SAU",2007,25252569,0,100,"Saudi Arabia"
"SAU",2008,25940770,0,100,"Saudi Arabia"
"SAU",2009,26661492,0,100,"Saudi Arabia"
"SAU",2010,27425676,0,100,"Saudi Arabia"
"SAU",2011,28238020,0,100,"Saudi Arabia"
"SAU",2012,29086357,0,100,"Saudi Arabia"
"SAU",2013,29944476,0,100,"Saudi Arabia"
"SAU",2014,30776722,0,100,"Saudi Arabia"
"SAU",2015,31557144,0,100,"Saudi Arabia"
"SAU",2016,NA,NA,100,"Saudi Arabia"
"SEN",1995,3314964,5431642,32.7332382202148,"Senegal"
"SEN",1996,3446046,5528031,34.2292022705078,"Senegal"
"SEN",1997,3577449,5619079,32.2,"Senegal"
"SEN",1998,3701428,5716965,37.1721878051758,"Senegal"
"SEN",1999,3839091,5806866,36.2,"Senegal"
"SEN",2000,3983273,5900779,62.2570630965705,"Senegal"
"SEN",2001,4124740,6009757,41.4305763244629,"Senegal"
"SEN",2002,4283507,6113354,36.8,"Senegal"
"SEN",2003,4449803,6221187,44.1986808776855,"Senegal"
"SEN",2004,4612452,6343492,36.8,"Senegal"
"SEN",2005,4793039,6458227,47.1,"Senegal"
"SEN",2006,4980965,6575798,49.9,"Senegal"
"SEN",2007,5176871,6696686,49.7807388305664,"Senegal"
"SEN",2008,5381945,6822012,51.2196617126465,"Senegal"
"SEN",2009,5597709,6953208,53.5,"Senegal"
"SEN",2010,5825219,7091010,54.1575889587402,"Senegal"
"SEN",2011,6065215,7235695,56.5,"Senegal"
"SEN",2012,6317319,7386194,57.1555976867676,"Senegal"
"SEN",2013,6580069,7540251,57,"Senegal"
"SEN",2014,6851218,7694893,61,"Senegal"
"SEN",2015,7129049,7847945,60.5,"Senegal"
"SEN",2016,NA,NA,64.5,"Senegal"
"SOM",1995,1648847,6056047,0.136908397078514,"Somalia"
"SOM",1996,1696864,6195525,0.525144457817078,"Somalia"
"SOM",1997,1757695,6379780,0.9507777094841,"Somalia"
"SOM",1998,1827655,6594717,2.48747158050537,"Somalia"
"SOM",1999,1901010,6819221,4.00275182723999,"Somalia"
"SOM",2000,1964502,7046977,5.4950795173645,"Somalia"
"SOM",2001,2034690,7256133,6.96899747848511,"Somalia"
"SOM",2002,2104117,7460050,7.4,"Somalia"
"SOM",2003,2173844,7662553,9.88585567474365,"Somalia"
"SOM",2004,2255919,7860309,11.3409223556519,"Somalia"
"SOM",2005,2331823,8078102,12.8018312454224,"Somalia"
"SOM",2006,2422340,8295977,15.2337858220211,"Somalia"
"SOM",2007,2505761,8532835,15.7654285430908,"Somalia"
"SOM",2008,2603564,8765712,17.2787322998047,"Somalia"
"SOM",2009,2704546,9003444,18.8130626678467,"Somalia"
"SOM",2010,2808401,9244822,20.3654174804688,"Somalia"
"SOM",2011,2915110,9489615,21.9327907562256,"Somalia"
"SOM",2012,NA,NA,23.5121803283691,"Somalia"
"SOM",2013,NA,NA,25.1005821228027,"Somalia"
"SOM",2014,NA,NA,26.6949920654297,"Somalia"
"SOM",2015,NA,NA,28.2924041748047,"Somalia"
"SOM",2016,NA,NA,29.8903179168701,"Somalia"
"SYR",1995,12251050,2094442,NA,"Syria"
"SYR",1996,12689546,2065740,NA,"Syria"
"SYR",1997,13158854,2018602,NA,"Syria"
"SYR",1998,13636332,1965878,NA,"Syria"
"SYR",1999,14094161,1921931,NA,"Syria"
"SYR",2000,14540011,1870837,NA,"Syria"
"SYR",2001,14972841,1794058,NA,"Syria"
"SYR",2002,15362023,1725878,NA,"Syria"
"SYR",2003,15760816,1654450,NA,"Syria"
"SYR",2004,16221847,1584791,NA,"Syria"
"SYR",2005,16776158,1518453,NA,"Syria"
"SYR",2006,17458524,1456453,NA,"Syria"
"SYR",2007,18238877,1393929,NA,"Syria"
"SYR",2008,19004289,1321154,NA,"Syria"
"SYR",2009,19575399,1249494,NA,"Syria"
"SYR",2010,19883817,1135017,NA,"Syria"
"SYR",2011,19862521,1001472,NA,"Syria"
"SYR",2012,19542611,878090,NA,"Syria"
"SYR",2013,18957348,851793,NA,"Syria"
"SYR",2014,18377357,825733,NA,"Syria"
"SYR",2015,17929383,805604,NA,"Syria"
"TUN",1995,7090673,2023302,88.7,"Tunisia"
"TUN",1996,7275245,1980792,90.4,"Tunisia"
"TUN",1997,7451017,1933135,92,"Tunisia"
"TUN",1998,7628014,1871381,93.2,"Tunisia"
"TUN",1999,7788635,1815107,94.2,"Tunisia"
"TUN",2000,7943642,1755555,94.8,"Tunisia"
"TUN",2001,8092775,1692926,97.3,"Tunisia"
"TUN",2002,8226848,1637478,97.8,"Tunisia"
"TUN",2003,8369209,1570469,98.4,"Tunisia"
"TUN",2004,8514961,1502640,99,"Tunisia"
"TUN",2005,8647725,1454757,99.3,"Tunisia"
"TUN",2006,8799265,1396871,99.4,"Tunisia"
"TUN",2007,8959336,1338751,99.4,"Tunisia"
"TUN",2008,9127234,1280102,99.4,"Tunisia"
"TUN",2009,9290779,1231055,99.5,"Tunisia"
"TUN",2010,9469539,1170392,99.5,"Tunisia"
"TUN",2011,9642274,1119193,99.5,"Tunisia"
"TUN",2012,9830661,1056007,99.5,"Tunisia"
"TUN",2013,10012233,1002325,99.7,"Tunisia"
"TUN",2014,10207820,936088,99.8,"Tunisia"
"TUN",2015,10326673,946988,100,"Tunisia"
"TUN",2016,NA,NA,100,"Tunisia"
"TUR",1995,50005856,8480525,91.9198989868164,"Turkey"
"TUR",1996,51103959,8319249,92.523078918457,"Turkey"
"TUR",1997,52282584,8089915,93.1109619140625,"Turkey"
"TUR",1998,53418073,7911517,93.6804885864258,"Turkey"
"TUR",1999,54563698,7723628,94.2286071777344,"Turkey"
"TUR",2000,55714547,7525574,94.7537689208984,"Turkey"
"TUR",2001,56873646,7317828,95.2605209350586,"Turkey"
"TUR",2002,58042461,7100593,95.7549285888672,"Turkey"
"TUR",2003,59278965,6806838,96.243049621582,"Turkey"
"TUR",2004,60374077,6633778,96.7309494018555,"Turkey"
"TUR",2005,61520486,6382920,97.2246932983398,"Turkey"
"TUR",2006,62643462,6119943,97.730339050293,"Turkey"
"TUR",2007,63751109,5846172,98.2698516845703,"Turkey"
"TUR",2008,64804829,5635203,98.8069000244141,"Turkey"
"TUR",2009,65988746,5350439,99.3107452392578,"Turkey"
"TUR",2010,67191703,5135211,100,"Turkey"
"TUR",2011,68491022,4918433,99.9107818603515,"Turkey"
"TUR",2012,69871965,4697902,99.9856567382813,"Turkey"
"TUR",2013,71315880,4471453,99.9992523193359,"Turkey"
"TUR",2014,72793943,4236685,100,"Turkey"
"TUR",2015,74279627,3991845,100,"Turkey"
"TUR",2016,NA,NA,100,"Turkey"
"ZAF",1995,22287624,19139186,65.4910125732422,"South Africa"
"ZAF",1996,23004568,19205648,57.6,"South Africa"
"ZAF",1997,23649750,19271756,67.8877944946289,"South Africa"
"ZAF",1998,24319889,19264141,64.9,"South Africa"
"ZAF",1999,24992057,19241673,70.2111587524414,"South Africa"
"ZAF",2000,25681002,19215854,71.3391799926758,"South Africa"
"ZAF",2001,26190878,19122059,70.2,"South Africa"
"ZAF",2002,26825457,19030025,77.1,"South Africa"
"ZAF",2003,27479571,18938623,78.8,"South Africa"
"ZAF",2004,28107017,18894684,80.9,"South Africa"
"ZAF",2005,28754429,18852241,80.9,"South Africa"
"ZAF",2006,29470855,18762950,80.7,"South Africa"
"ZAF",2007,30161332,18722513,82,"South Africa"
"ZAF",2008,30874368,18683205,81.9,"South Africa"
"ZAF",2009,31610906,18644907,82.7,"South Africa"
"ZAF",2010,32371940,18607493,82.9,"South Africa"
"ZAF",2011,33158510,18570835,84.7,"South Africa"
"ZAF",2012,33971715,18534800,85.3,"South Africa"
"ZAF",2013,34812707,18499249,85.4,"South Africa"
"ZAF",2014,35628551,18518183,86,"South Africa"
"ZAF",2015,36527953,18484024,85.5,"South Africa"
"ZAF",2016,NA,NA,84.2,"South Africa"
