"Code","Year","Health.expenditure..private....of.GDP.","Health.expenditure..public....of.GDP.","Health.expenditure..total....of.GDP.","Health.expenditure.per.capita..PPP..constant.2011.international...","Entity"
"CIV",1995,4.72313864913294,1.64586928086706,6.36900793,135.86672604,"Cote d'Ivoire"
"CIV",1996,4.88647235165905,1.85410700834095,6.74057936,152.97909011,"Cote d'Ivoire"
"CIV",1997,5.06290898633515,2.00328985366485,7.06619884,164.30612049,"Cote d'Ivoire"
"CIV",1998,5.40939022847423,1.88881311152577,7.29820334,175.05571223,"Cote d'Ivoire"
"CIV",1999,4.72201032376563,1.79966740623437,6.52167773,157.29897146,"Cote d'Ivoire"
"CIV",2000,4.21314016600333,1.78803570399667,6.00117587,141.64013378,"Cote d'Ivoire"
"CIV",2001,3.55622889584051,1.29025786415949,4.84648676,114.72284681,"Cote d'Ivoire"
"CIV",2002,3.05816833968343,1.40860098031657,4.46676932,103.60125623,"Cote d'Ivoire"
"CIV",2003,3.31375305099887,1.33833360900113,4.65208666,106.65504876,"Cote d'Ivoire"
"CIV",2004,3.76572825438612,1.47167442561388,5.23740268,122.71388869,"Cote d'Ivoire"
"CIV",2005,4.11988780425406,1.26971949574594,5.3896073,130.17252563,"Cote d'Ivoire"
"CIV",2006,4.51259305531272,1.35840382468728,5.87099688,145.53252804,"Cote d'Ivoire"
"CIV",2007,4.91767135836272,1.42821313163728,6.34588449,161.06691863,"Cote d'Ivoire"
"CIV",2008,4.67687588615533,1.52862642384467,6.20550231,161.26178166,"Cote d'Ivoire"
"CIV",2009,4.7167171180815,1.6968101519185,6.41352727,169.66543002,"Cote d'Ivoire"
"CIV",2010,4.64766848213136,1.67617216786863,6.32384065,168.91862407,"Cote d'Ivoire"
"CIV",2011,4.78482848627861,1.6356969737214,6.42052546,163.52480714,"Cote d'Ivoire"
"CIV",2012,4.25817762742109,1.88504549257891,6.14322312,172.15842302,"Cote d'Ivoire"
"CIV",2013,4.01295572732963,1.79658788267037,5.80954361,176.12666547,"Cote d'Ivoire"
"CIV",2014,4.03773507933155,1.67853849066845,5.71627357,187.0199205,"Cote d'Ivoire"
"CMR",1995,2.96097309619857,0.900268713801434,3.86124181,61.59151072,"Cameroon"
"CMR",1996,4.274241176322,0.893368283678002,5.16760946,85.67326204,"Cameroon"
"CMR",1997,3.66575055451436,0.978965995485641,4.64471655,80.28199924,"Cameroon"
"CMR",1998,3.63859295607685,0.784629613923152,4.42322257,78.92748857,"Cameroon"
"CMR",1999,3.6003075861618,0.833734823838198,4.43404241,81.4090631,"Cameroon"
"CMR",2000,3.54663143351087,0.932629186489131,4.47926062,85.34653046,"Cameroon"
"CMR",2001,3.57149945283168,1.12919927716832,4.70069873,93.27304682,"Cameroon"
"CMR",2002,3.57273456639421,1.2903832036058,4.86311777,99.29319896,"Cameroon"
"CMR",2003,3.641671737515,1.331728012485,4.97339975,104.99663753,"Cameroon"
"CMR",2004,3.60090532798133,1.12963812201867,4.73054345,103.71005682,"Cameroon"
"CMR",2005,3.63106327282602,1.12007917717398,4.75114245,107.19515016,"Cameroon"
"CMR",2006,3.60940743645379,1.07609231354621,4.68549975,109.63166278,"Cameroon"
"CMR",2007,3.69092731275568,1.06577620724432,4.75670352,115.00514745,"Cameroon"
"CMR",2008,4.1268992161109,1.0492873338891,5.17618655,127.97963476,"Cameroon"
"CMR",2009,3.78685571950399,1.28313286049601,5.06998858,125.51292404,"Cameroon"
"CMR",2010,3.77723506438948,1.50760227561052,5.28483734,133.33019941,"Cameroon"
"CMR",2011,2.63022801331992,1.33144715668008,3.96167517,103.5778214,"Cameroon"
"CMR",2012,3.27236747346912,1.06674709653088,4.33911457,117.76815168,"Cameroon"
"CMR",2013,3.28062763645281,1.01246967354719,4.29309731,121.73181916,"Cameroon"
"CMR",2014,3.1650378885995,0.9386336914005,4.10367158,121.9234186,"Cameroon"
"COD",1995,3.0991837417789,0.151469658221104,3.2506534,17.09151559,"Democratic Republic of Congo"
"COD",1996,2.92080385094299,0.113020059057005,3.03382391,15.61689114,"Democratic Republic of Congo"
"COD",1997,3.41377808761649,0.204867812383508,3.6186459,17.42708952,"Democratic Republic of Congo"
"COD",1998,4.08560238428567,0.178185155714331,4.26378754,19.93234657,"Democratic Republic of Congo"
"COD",1999,3.55662109769789,0.247696712302109,3.80431781,16.86426537,"Democratic Republic of Congo"
"COD",2000,1.40154003808172,0.044703611918281,1.44624365,5.94371358,"Democratic Republic of Congo"
"COD",2001,2.522677990434,0.144179749565995,2.66685774,10.66369969,"Democratic Republic of Congo"
"COD",2002,2.42708349485558,0.16008040514442,2.5871639,10.49050159,"Democratic Republic of Congo"
"COD",2003,2.50374001551908,0.700026844480922,3.20376686,13.55512195,"Democratic Republic of Congo"
"COD",2004,2.62160336954084,0.718354640459159,3.33995801,15.00963437,"Democratic Republic of Congo"
"COD",2005,2.3921540678265,0.752462162173498,3.14461623,14.99155545,"Democratic Republic of Congo"
"COD",2006,2.44668981181052,0.938991328189475,3.38568114,16.96617062,"Democratic Republic of Congo"
"COD",2007,2.40130386479293,1.20943434520707,3.61073821,19.10881626,"Democratic Republic of Congo"
"COD",2008,2.35791000900966,2.09987276099034,4.45778277,24.73571779,"Democratic Republic of Congo"
"COD",2009,3.2502083391306,2.3629790608694,5.6131874,31.25019,"Democratic Republic of Congo"
"COD",2010,2.98038363736395,1.06259561263605,4.04297925,23.62151268,"Democratic Republic of Congo"
"COD",2011,2.27959291797096,1.25526855202904,3.53486147,21.81532551,"Democratic Republic of Congo"
"COD",2012,2.07809247245564,1.68717362754436,3.7652661,24.55287183,"Democratic Republic of Congo"
"COD",2013,2.56333351866642,1.32344175133358,3.88677527,27.04017289,"Democratic Republic of Congo"
"COD",2014,2.72987714009393,1.59835646990607,4.32823361,32.28043161,"Democratic Republic of Congo"
"COG",1995,1.28711834442315,1.87594234557686,3.16306069,108.70007956,"Congo"
"COG",1996,1.14130336128828,1.72161154871172,2.86291491,101.69108957,"Congo"
"COG",1997,1.18684476192708,1.91183631807292,3.09868108,108.24046034,"Congo"
"COG",1998,1.51997530500316,2.21840185499684,3.73837716,133.25596911,"Congo"
"COG",1999,1.31223714791421,1.75276488208579,3.06500203,105.24675542,"Congo"
"COG",2000,0.902457528019601,1.2225920619804,2.12504959,78.28895335,"Congo"
"COG",2001,1.10180425050559,1.33453248949441,2.43633674,93.06025105,"Congo"
"COG",2002,1.16480543736969,1.28795915263031,2.45276459,97.25513939,"Congo"
"COG",2003,1.31032830412564,1.30017916587436,2.61050747,104.04615539,"Congo"
"COG",2004,1.18562078519209,1.36967510480791,2.55529589,105.71315114,"Congo"
"COG",2005,0.987109811253141,1.43460850874686,2.42171832,108.55239938,"Congo"
"COG",2006,0.878675534993384,1.49403276500662,2.3727083,113.17955886,"Congo"
"COG",2007,0.991939497410812,1.54576413258919,2.53770363,118.64923385,"Congo"
"COG",2008,0.846548885243252,1.23859287475675,2.08514176,101.73486976,"Congo"
"COG",2009,1.12444394023665,1.14114181976335,2.26558576,116.12147846,"Congo"
"COG",2010,0.906269478231682,1.38657897176832,2.29284845,125.69650517,"Congo"
"COG",2011,0.812776431387101,1.9773752586129,2.79015169,157.15350501,"Congo"
"COG",2012,0.82692508716726,3.14942137283274,3.97634646,230.64481769,"Congo"
"COG",2013,1.03732995003923,4.05731116996077,5.09464112,302.59809425,"Congo"
"COG",2014,0.939490507984924,4.21192085201507,5.15141136,322.63336555,"Congo"
"COM",1995,1.73356348400528,2.87978620599472,4.61334969,47.94133691,"Comoros"
"COM",1996,1.76630076602612,2.71394970397389,4.48025047,45.52331497,"Comoros"
"COM",1997,1.90765686366698,2.58492557633302,4.49258244,47.00948373,"Comoros"
"COM",1998,1.85917640254834,2.18503614745166,4.04421255,42.18844901,"Comoros"
"COM",1999,1.90368215127518,1.96442664872482,3.8681088,40.68341733,"Comoros"
"COM",2000,2.03287705338316,1.52272309661683,3.55560015,37.81337481,"Comoros"
"COM",2001,1.76474420051047,1.09467533948953,2.85941954,33.93095702,"Comoros"
"COM",2002,1.71816241772258,1.66975810227742,3.38792052,40.75929576,"Comoros"
"COM",2003,1.83438167060461,1.81547483939539,3.64985651,44.6369474,"Comoros"
"COM",2004,1.94863771465491,2.01043844534509,3.95907616,49.49849521,"Comoros"
"COM",2005,2.04244216773573,2.27405185226427,4.31649402,55.91710481,"Comoros"
"COM",2006,2.06420745588934,2.50715151411066,4.57135897,61.15331749,"Comoros"
"COM",2007,2.12746191961489,2.80299141038511,4.93045333,66.6154136,"Comoros"
"COM",2008,2.03605035736476,3.09453206263524,5.13058242,69.2544968,"Comoros"
"COM",2009,2.09473248041161,1.72121211958839,3.8159446,51.63718949,"Comoros"
"COM",2010,4.37039462158108,1.45440889841892,5.82480352,79.5724738,"Comoros"
"COM",2011,4.44029079456902,1.65675933543098,6.09705013,85.1168533,"Comoros"
"COM",2012,4.46063265851054,2.64660402148946,7.10723668,101.522384,"Comoros"
"COM",2013,4.50619032519032,2.00319324480969,6.50938357,95.32731087,"Comoros"
"COM",2014,4.53032278837456,2.21732035162544,6.74764314,100.81611783,"Comoros"
"DZA",1995,1.02793017393526,2.67359435606474,3.70152453,252.76942406,"Algeria"
"DZA",1996,0.846887160484184,2.50218251951582,3.34906968,236.52961023,"Algeria"
"DZA",1997,1.04129199407516,2.55336573592484,3.59465773,256.90335228,"Algeria"
"DZA",1998,1.06610139605023,2.52798038394977,3.59408178,268.85153941,"Algeria"
"DZA",1999,1.05058365769438,2.38333129230562,3.43391495,265.38824248,"Algeria"
"DZA",2000,0.930459699528884,2.55856124047112,3.48902094,278.0811557,"Algeria"
"DZA",2001,0.86614769980658,2.97171746019342,3.83786516,323.07174002,"Algeria"
"DZA",2002,0.877790139712013,2.85227361028799,3.73006375,332.46065159,"Algeria"
"DZA",2003,0.7987897169482,2.8022370230518,3.60102674,346.54772529,"Algeria"
"DZA",2004,0.977815187767994,2.56624807223201,3.54406326,360.8093318,"Algeria"
"DZA",2005,0.954934935782999,2.280233074217,3.23516801,355.14001347,"Algeria"
"DZA",2006,1.02026775931798,2.33485067068202,3.35511843,380.56748693,"Algeria"
"DZA",2007,1.11584111881508,2.70557079118492,3.82141191,453.2422424,"Algeria"
"DZA",2008,1.13910751686115,3.06280389313885,4.20191141,510.13441542,"Algeria"
"DZA",2009,1.52145903017948,3.83796597982052,5.35942501,654.9774122,"Algeria"
"DZA",2010,1.5239461539134,3.5932085260866,5.11715468,644.2558833,"Algeria"
"DZA",2011,1.51719903249066,3.77572930750934,5.29292834,686.21865915,"Algeria"
"DZA",2012,1.62286183032945,4.52025088967055,6.14311272,821.33888535,"Algeria"
"DZA",2013,1.93602363138588,5.18835904861412,7.12438268,858.86035635,"Algeria"
"DZA",2014,1.96303251044821,5.24414552955179,7.20717804,932.10028378,"Algeria"
"EGY",1995,1.8904806976131,1.6460250423869,3.53650574,181.00787946,"Egypt"
"EGY",1996,2.27614083361611,1.62066466638389,3.8968055,209.32875129,"Egypt"
"EGY",1997,2.82455194493976,1.78553945506024,4.6100914,248.10334312,"Egypt"
"EGY",1998,2.95672624497676,1.96981126502324,4.92653751,270.65642524,"Egypt"
"EGY",1999,3.13398220011752,2.12341339988248,5.2573956,301.8099862,"Egypt"
"EGY",2000,3.30379285470106,2.24695839529894,5.55075125,324.74736687,"Egypt"
"EGY",2001,3.42298698808903,2.32755828191097,5.75054527,359.83611087,"Egypt"
"EGY",2002,3.5657742891729,2.4038170608271,5.96959135,389.68226137,"Egypt"
"EGY",2003,3.3434955850216,2.0685479649784,5.41204355,368.71756689,"Egypt"
"EGY",2004,3.22499407522418,1.98591149477582,5.21090557,363.03021008,"Egypt"
"EGY",2005,3.07756330249904,1.98504098750096,5.06260429,374.45213214,"Egypt"
"EGY",2006,2.95205056316938,2.28751927683062,5.23956984,413.68671245,"Egypt"
"EGY",2007,2.90373781433113,2.04669573566887,4.95043355,422.33595373,"Egypt"
"EGY",2008,2.79013593323521,2.02972719676479,4.81986313,441.45361796,"Egypt"
"EGY",2009,2.95077185431026,2.05812684568974,5.0088987,475.10315894,"Egypt"
"EGY",2010,2.92466537504344,1.87259284495657,4.79725822,474.81048105,"Egypt"
"EGY",2011,3.04886253447604,1.99080413552396,5.03966667,507.54714318,"Egypt"
"EGY",2012,3.38437029254786,1.90923132745214,5.29360162,542.45978488,"Egypt"
"EGY",2013,3.4050531391184,2.05746810088159,5.46252124,567.16992413,"Egypt"
"EGY",2014,3.48673054907778,2.15538450092222,5.64211505,594.11025159,"Egypt"
"ERI",1995,2.35179628766945,2.17197440233055,4.52377069,51.09138134,"Eritrea"
"ERI",1996,2.29097672929939,1.32110035070061,3.61207708,44.83989001,"Eritrea"
"ERI",1997,2.42784249868671,1.77092697131329,4.19876947,56.19006703,"Eritrea"
"ERI",1998,2.63278292045143,1.85142627954857,4.4842092,60.31917186,"Eritrea"
"ERI",1999,3.00899136490057,1.99656889509943,5.00556026,66.52910658,"Eritrea"
"ERI",2000,2.84608250473277,1.58851116526723,4.43459367,56.64506248,"Eritrea"
"ERI",2001,2.56201983264096,1.38678137735904,3.94880121,54.2664003,"Eritrea"
"ERI",2002,2.38211865695661,1.64046934304339,4.022588,55.77824595,"Eritrea"
"ERI",2003,2.21077539525046,1.29168899474954,3.50246439,46.50221267,"Eritrea"
"ERI",2004,1.90633991244908,1.23601455755092,3.14235447,42.02964394,"Eritrea"
"ERI",2005,1.87198253051549,1.09593913948451,2.96792167,40.76206719,"Eritrea"
"ERI",2006,1.8285203521317,1.4704505278683,3.29897088,45.03224304,"Eritrea"
"ERI",2007,1.80123648071292,1.49033812928708,3.29157461,45.70368588,"Eritrea"
"ERI",2008,1.75703722296337,1.93142960703663,3.68846683,46.12307138,"Eritrea"
"ERI",2009,1.90397914552083,1.39796022447917,3.30193937,42.341886,"Eritrea"
"ERI",2010,1.81545540060192,1.42486355939808,3.24031896,42.10113652,"Eritrea"
"ERI",2011,1.65306742030579,1.40782256969421,3.06088999,43.19398287,"Eritrea"
"ERI",2012,1.59243628551103,1.38397646448897,2.97641275,44.79592593,"Eritrea"
"ERI",2013,1.63395323953302,1.37826626046698,3.0122195,45.62915665,"Eritrea"
"ERI",2014,1.81082917628413,1.52746400371587,3.33829318,51.0405941,"Eritrea"
"ETH",1995,1.75551891496054,1.20108990503946,2.95660882,12.40728922,"Ethiopia"
"ETH",1996,1.80523697636856,1.11333172363144,2.9185687,13.58443697,"Ethiopia"
"ETH",1997,1.89249289346324,1.30828310653676,3.200776,15.16155002,"Ethiopia"
"ETH",1998,2.10055236196099,1.63413600803901,3.73468837,16.76469257,"Ethiopia"
"ETH",1999,2.1131257349754,1.8427428150246,3.95586855,18.41877691,"Ethiopia"
"ETH",2000,1.98155986686326,2.38265541313674,4.36421528,21.41641274,"Ethiopia"
"ETH",2001,2.03176556549024,2.23081820450976,4.26258377,22.50991904,"Ethiopia"
"ETH",2002,2.17917619528605,2.55028135471395,4.72945755,25.01220334,"Ethiopia"
"ETH",2003,2.07900051210933,2.55636890789067,4.63536942,23.77366821,"Ethiopia"
"ETH",2004,1.86095768967392,2.37364068032608,4.23459837,24.6384633,"Ethiopia"
"ETH",2005,1.62137374099997,2.58033434900003,4.20170809,27.44203037,"Ethiopia"
"ETH",2006,1.93734404247728,2.52940562752272,4.46674967,32.42684174,"Ethiopia"
"ETH",2007,2.11884331109518,2.57147709890482,4.69032041,37.92213038,"Ethiopia"
"ETH",2008,2.05937065065714,2.22132218934286,4.28069284,38.0668298,"Ethiopia"
"ETH",2009,1.98777651464002,2.42151969535998,4.40929621,41.86599854,"Ethiopia"
"ETH",2010,3.14467379479564,3.71673603520435,6.86140983,72.30531157,"Ethiopia"
"ETH",2011,2.81254714155815,3.73515572844185,6.54770287,76.29493633,"Ethiopia"
"ETH",2012,2.45875333419685,3.31059512580315,5.76934846,72.46903911,"Ethiopia"
"ETH",2013,2.23856696166153,2.95363771833847,5.19220468,71.30421924,"Ethiopia"
"ETH",2014,2.01674649977858,2.86756675022142,4.88431325,72.96435215,"Ethiopia"
"GHA",1995,1.46335758821476,1.62287138178524,3.08622897,74.4898744,"Ghana"
"GHA",1996,1.42612168840499,2.01892710159501,3.44504879,86.4727978,"Ghana"
"GHA",1997,1.55991576689063,1.43560553310937,2.9955213,77.88653371,"Ghana"
"GHA",1998,1.45880954718534,1.77275378281466,3.23156333,82.86623419,"Ghana"
"GHA",1999,1.48710859239903,1.59337753760097,3.08048613,82.31670072,"Ghana"
"GHA",2000,1.50003904932123,1.49809434067877,2.99813339,83.48217617,"Ghana"
"GHA",2001,1.51387083214512,2.04500368785488,3.55887452,103.48250705,"Ghana"
"GHA",2002,1.56417920148916,1.50885022851084,3.07302943,92.99671508,"Ghana"
"GHA",2003,1.54333075446411,1.58056237553589,3.12389313,99.44232899,"Ghana"
"GHA",2004,1.55834127057445,2.39904381942556,3.95738509,133.98169433,"Ghana"
"GHA",2005,1.58390290289649,2.92394495710351,4.50784786,163.52329684,"Ghana"
"GHA",2006,1.59215372439871,3.04422815560129,4.63638188,112.82288182,"Ghana"
"GHA",2007,1.57055553853598,3.72988789146403,5.30044343,137.35382342,"Ghana"
"GHA",2008,1.62763361623397,3.22305449376603,4.85068811,135.44003571,"Ghana"
"GHA",2009,1.4980807279109,3.6749633620891,5.17304409,146.7616323,"Ghana"
"GHA",2010,1.50514442218055,3.82937674781945,5.33452117,161.18140405,"Ghana"
"GHA",2011,1.23189899428139,3.57552048571861,4.80741948,164.93482091,"Ghana"
"GHA",2012,1.64937927300946,3.14067582699054,4.7900551,178.42535533,"Ghana"
"GHA",2013,1.38404004692153,3.24216013307847,4.62620018,180.32007765,"Ghana"
"GHA",2014,1.42840680532436,2.12888508467564,3.55729189,145.36813142,"Ghana"
"GIN",1995,2.28683032989688,1.24440635010312,3.53123668,26.91544636,"Guinea"
"GIN",1996,2.35998242589739,0.769224234102606,3.12920666,24.55273331,"Guinea"
"GIN",1997,2.29905390798853,0.753971712011471,3.05302562,24.99208762,"Guinea"
"GIN",1998,2.44434650909487,0.948582870905134,3.39292938,28.5298997,"Guinea"
"GIN",1999,2.38201189407248,1.03407899592752,3.41609089,29.75166047,"Guinea"
"GIN",2000,2.36022888812673,1.09593945187327,3.45616834,31.01173621,"Guinea"
"GIN",2001,2.38291366960435,1.27041596039565,3.65332963,34.14676688,"Guinea"
"GIN",2002,2.44924110317634,1.31330022682366,3.76254133,36.89839569,"Guinea"
"GIN",2003,2.13280286295557,1.31331174704443,3.44611461,34.27054268,"Guinea"
"GIN",2004,2.25779166704683,0.879682252953166,3.13747392,32.17431993,"Guinea"
"GIN",2005,2.26662277779554,0.55486584220446,2.82148862,30.11027449,"Guinea"
"GIN",2006,2.35486337969243,0.665427570307575,3.02029095,33.26281195,"Guinea"
"GIN",2007,2.65989587442998,0.418226465570024,3.07812234,34.5268482,"Guinea"
"GIN",2008,2.42242169747215,0.784624402527845,3.2070461,37.47494619,"Guinea"
"GIN",2009,2.50201524556348,1.34649863443653,3.84851388,43.96902593,"Guinea"
"GIN",2010,2.53537002193465,2.01176888806535,4.54713891,52.15954757,"Guinea"
"GIN",2011,2.75383839542119,1.97715897457881,4.73099737,56.00818896,"Guinea"
"GIN",2012,3.29239675278305,2.09894617721695,5.39134293,65.71973754,"Guinea"
"GIN",2013,3.1149174393475,2.3782428406525,5.49316028,67.66005,"Guinea"
"GIN",2014,2.90855314894182,2.73624478105818,5.64479793,68.45821523,"Guinea"
"GMB",1995,2.21665223096646,1.04110456903354,3.2577568,34.38813252,"Gambia"
"GMB",1996,2.47069671758417,0.896204512415832,3.36690123,35.97532187,"Gambia"
"GMB",1997,2.1933226033651,0.921290896634895,3.1146135,34.53325196,"Gambia"
"GMB",1998,2.34118750377427,1.19482309622573,3.5360106,39.87781005,"Gambia"
"GMB",1999,2.31099700035044,1.25261531964956,3.56361232,42.18290657,"Gambia"
"GMB",2000,2.37851585135505,1.23486670864495,3.61338256,44.80249427,"Gambia"
"GMB",2001,2.15465388975366,1.55374665024634,3.70840054,48.25480324,"Gambia"
"GMB",2002,2.34363087680847,1.40735689319153,3.75098777,46.45717129,"Gambia"
"GMB",2003,2.09521316227857,2.12397487772143,4.21918804,55.15871756,"Gambia"
"GMB",2004,1.83711596147902,2.51485023852098,4.3519662,60.5910616,"Gambia"
"GMB",2005,2.06926097242976,2.89759900757024,4.96685998,68.45601367,"Gambia"
"GMB",2006,2.27814875391796,3.24463093608204,5.52277969,76.822309,"Gambia"
"GMB",2007,2.35822006965474,3.40312534034526,5.76134541,82.56018586,"Gambia"
"GMB",2008,2.41854230077622,3.52701289922378,5.9455552,88.93923707,"Gambia"
"GMB",2009,2.36750607550079,3.48232826449921,5.84983434,90.87099111,"Gambia"
"GMB",2010,2.31742375354579,3.43308687645421,5.75051063,93.24221061,"Gambia"
"GMB",2011,2.50613324279574,3.73512102720427,6.24125427,95.6477194,"Gambia"
"GMB",2012,2.45122050839132,3.67221276160868,6.12343327,97.87944087,"Gambia"
"GMB",2013,2.30950547664569,4.18162845335431,6.49113393,106.82660992,"Gambia"
"GMB",2014,2.29478824535501,5.04561251464499,7.34040076,118.42800642,"Gambia"
"IRN",1995,2.0688122265271,1.6760716934729,3.74488392,293.60710246,"Iran"
"IRN",1996,1.91408025684202,1.72567844315798,3.6397587,303.76770579,"Iran"
"IRN",1997,2.05936082406771,1.94221656593229,4.00157739,346.62662264,"Iran"
"IRN",1998,2.26636780180731,2.13765102819269,4.40401883,390.17258107,"Iran"
"IRN",1999,2.52634029032665,1.86003164967335,4.38637194,403.61073413,"Iran"
"IRN",2000,2.61141516044084,1.86312249955916,4.47453766,427.22661439,"Iran"
"IRN",2001,2.82865485354525,2.19473641645475,5.02339127,494.45323053,"Iran"
"IRN",2002,3.20000811378894,2.18927471621106,5.38928283,568.40909009,"Iran"
"IRN",2003,3.06758260154306,2.34823933845694,5.41582194,633.68884651,"Iran"
"IRN",2004,3.64834938007879,2.23931691992121,5.8876663,742.38292017,"Iran"
"IRN",2005,3.73010128170476,2.33345819829524,6.06355948,835.79245458,"Iran"
"IRN",2006,3.37714483422899,2.56809019577101,5.94523503,829.90068209,"Iran"
"IRN",2007,3.42015552257084,2.42396484742916,5.84412037,889.97862764,"Iran"
"IRN",2008,3.84532464941948,2.43782038058052,6.28314503,984.04713305,"Iran"
"IRN",2009,4.75240017851534,2.87914109148466,7.63154127,1205.01553756,"Iran"
"IRN",2010,5.33456760917576,2.68468208082424,8.01924969,1335.15092184,"Iran"
"IRN",2011,4.64538922723703,2.47903326276297,7.12442249,1242.80241531,"Iran"
"IRN",2012,4.29623423860165,2.68760016139836,6.9838344,1143.93808047,"Iran"
"IRN",2013,3.75871907618932,2.73404015381068,6.49275923,1045.00948475,"Iran"
"IRN",2014,4.05412015534107,2.84080214465893,6.8949223,1081.67150536,"Iran"
"IRQ",2003,2.38430516476982,1.97933709523018,4.36364226,66.65045976,"Iraq"
"IRQ",2004,1.56159915786935,4.05040922213065,5.61200838,136.06767139,"Iraq"
"IRQ",2005,1.3495220033862,2.7838722766138,4.13339428,109.30025544,"Iraq"
"IRQ",2006,1.08548304119927,1.91357156880073,2.99905461,107.18328229,"Iraq"
"IRQ",2007,1.12653814024953,2.56524356975047,3.69178171,122.35714233,"Iraq"
"IRQ",2008,0.988390367747146,2.93957483225285,3.9279652,144.62689486,"Iraq"
"IRQ",2009,1.19663538528843,3.45308147471158,4.64971686,460.19343131,"Iraq"
"IRQ",2010,0.997217757974795,2.82324919202521,3.82046695,391.48417883,"Iraq"
"IRQ",2011,0.827179899010617,2.49103317098938,3.31821307,371.60151551,"Iraq"
"IRQ",2012,1.98407815863755,3.28004061136245,5.26411877,650.84115684,"Iraq"
"IRQ",2013,2.20072418869356,3.71919911130644,5.9199233,774.39691943,"Iraq"
"IRQ",2014,2.20072419046621,3.33814898953379,5.53887318,667.00735289,"Iraq"
"ISR",1995,2.20141652539103,4.95014543160416,7.34555433,1440.23266074,"Israel"
"ISR",1996,2.0990077291734,5.10814422487663,7.40078592,1524.60793553,"Israel"
"ISR",1997,2.24888757909979,5.14484078667998,7.56044971,1604.9135959,"Israel"
"ISR",1998,2.48989485595482,4.76218923331623,7.41985562,1621.66965317,"Israel"
"ISR",1999,2.36824325623802,4.60178211226536,7.16221722,1605.59296586,"Israel"
"ISR",2000,2.50951159390921,4.46036146165366,7.12928401,1761.71191189,"Israel"
"ISR",2001,2.74489278529642,4.71917215314535,7.61027457,1880.8155158,"Israel"
"ISR",2002,2.5934382753276,4.73781875351353,7.49158352,1870.27369193,"Israel"
"ISR",2003,2.70411594109851,4.58758637411693,7.43618123,1750.57616066,"Israel"
"ISR",2004,2.71212932768032,4.47343624638183,7.34611873,1834.01049732,"Israel"
"ISR",2005,2.87981011958321,4.40842581752689,7.43511313,1829.32032637,"Israel"
"ISR",2006,2.67706246390309,4.70256022609691,7.37962269,1872.92965115,"Israel"
"ISR",2007,2.80800042031501,4.56088594968499,7.36888637,2004.38464268,"Israel"
"ISR",2008,2.76694202729812,4.47159298515823,7.32999547,1990.50913357,"Israel"
"ISR",2009,2.82650849436172,4.56077326414522,7.45871596,2041.13243226,"Israel"
"ISR",2010,2.66534936815488,4.61227648183452,7.35697387,2116.06877744,"Israel"
"ISR",2011,2.70512966019113,4.61852465800337,7.39438605,2231.8163882,"Israel"
"ISR",2012,2.8687147548925,4.86501699510751,7.73373175,2446.05593478,"Israel"
"ISR",2013,3.03618223426287,4.85780838573713,7.89399062,2571.88587936,"Israel"
"ISR",2014,3.05661227181489,4.75169580818511,7.80830808,2599.13225388,"Israel"
"KEN",1995,2.28525582882764,1.96935537117236,4.2546112,68.31216992,"Kenya"
"KEN",1996,2.48539543575384,1.66298015424616,4.14837559,68.76828068,"Kenya"
"KEN",1997,2.51802729354345,1.59950790645655,4.1175352,67.99863318,"Kenya"
"KEN",1998,2.49770145236545,1.99490326763455,4.49260472,75.57269544,"Kenya"
"KEN",1999,2.52459328003754,1.67225461996246,4.1968479,71.54775588,"Kenya"
"KEN",2000,2.51601305933377,2.16672510066623,4.68273816,80.11587906,"Kenya"
"KEN",2001,2.55494299878635,2.06730417121365,4.62224717,81.8396119,"Kenya"
"KEN",2002,2.59519998792029,1.94316444207971,4.53836443,79.9546703,"Kenya"
"KEN",2003,2.51920147618333,1.92813908381667,4.44734056,80.15061759,"Kenya"
"KEN",2004,2.49402464155414,1.79572089844586,4.28974554,81.34194075,"Kenya"
"KEN",2005,2.51813845445112,1.84540749554888,4.36354595,88.11569198,"Kenya"
"KEN",2006,2.61930667652221,1.62431466347779,4.24362134,91.4932173,"Kenya"
"KEN",2007,2.4810965324906,1.5968585275094,4.07795506,94.07296852,"Kenya"
"KEN",2008,2.4962815096153,1.4033099503847,3.89959146,89.54680272,"Kenya"
"KEN",2009,2.52594282127916,1.64162436872084,4.16756719,97.01443575,"Kenya"
"KEN",2010,2.55498042068827,1.41873554931173,3.97371597,98.83523898,"Kenya"
"KEN",2011,2.6078946914415,2.6235334085585,5.2314281,137.20624298,"Kenya"
"KEN",2012,2.16759492175257,3.32293744824743,5.49053237,149.2181468,"Kenya"
"KEN",2013,2.22150058770772,3.34640418229228,5.56790477,158.0382434,"Kenya"
"KEN",2014,2.21642520223087,3.50386605776913,5.72029126,168.9817873,"Kenya"
"LBN",1995,8.32170048325731,4.24247648674269,12.56417697,1065.02365387,"Lebanon"
"LBN",1996,8.44556961335317,4.99173671664684,13.43730633,1204.8678562,"Lebanon"
"LBN",1997,8.00115169803444,5.06163626196556,13.06278796,1217.38518437,"Lebanon"
"LBN",1998,8.27733344474074,3.14491017525926,11.42224362,1110.26058134,"Lebanon"
"LBN",1999,7.92668507343613,2.94300942656387,10.8696945,1051.72481288,"Lebanon"
"LBN",2000,7.65524430991632,3.20634861008368,10.86159292,1061.17272599,"Lebanon"
"LBN",2001,7.1704594406342,3.7339639093658,10.90442335,1088.13561113,"Lebanon"
"LBN",2002,6.31086760482368,3.73559350517632,10.04646111,1003.5090714,"Lebanon"
"LBN",2003,5.8060175852068,3.4963758147932,9.3023934,918.60703558,"Lebanon"
"LBN",2004,5.19783703673628,3.71197077326372,8.90980781,946.79770319,"Lebanon"
"LBN",2005,4.67547236275569,3.74433294724431,8.41980531,918.92592804,"Lebanon"
"LBN",2006,5.19813150472928,3.63188247527072,8.83001398,991.85834735,"Lebanon"
"LBN",2007,5.18822035881757,3.71553554118244,8.9037559,1115.47744961,"Lebanon"
"LBN",2008,4.92571167732691,3.14481341267309,8.07052509,1118.26104131,"Lebanon"
"LBN",2009,4.30106797219055,3.12341714780945,7.42448512,1123.46829459,"Lebanon"
"LBN",2010,4.48278453492297,2.70855148507703,7.19133602,1146.90697821,"Lebanon"
"LBN",2011,4.38052897448754,2.74439699551247,7.12492597,1117.3512263,"Lebanon"
"LBN",2012,3.75507181591444,3.23585528408556,6.9909271,1085.66597271,"Lebanon"
"LBN",2013,3.57902199486455,3.05422969513545,6.63325169,1033.01042698,"Lebanon"
"LBN",2014,3.34978423090943,3.04392459909057,6.39370883,987.38532955,"Lebanon"
"LBY",1995,1.76300881327117,1.51452799672883,3.27753681,611.42298291,"Libya"
"LBY",1996,1.68735111265264,1.66274170734736,3.35009282,614.01966652,"Libya"
"LBY",1997,1.66624755838203,1.79019819161797,3.45644575,652.84187711,"Libya"
"LBY",1998,2.01585605114809,1.88451338885191,3.90036944,705.28556929,"Libya"
"LBY",1999,1.99664847656978,1.65037778343022,3.64702626,678.00516356,"Libya"
"LBY",2000,1.74782410097969,1.65983085902031,3.40765496,698.91296342,"Libya"
"LBY",2001,1.84737154843627,2.21029369156373,4.05766524,810.81466814,"Libya"
"LBY",2002,1.51163664650463,3.05672627349537,4.56836292,853.7272089,"Libya"
"LBY",2003,1.37171240348912,2.69200263651088,4.06371504,847.42845834,"Libya"
"LBY",2004,1.18399856940712,2.27661867059288,3.46061724,693.74271829,"Libya"
"LBY",2005,0.956263232947643,1.74911742705236,2.70538066,602.85181068,"Libya"
"LBY",2006,0.868960393445303,1.6401668065547,2.5091272,602.55474144,"Libya"
"LBY",2007,0.878325290956093,1.74809733904391,2.62642263,605.87060748,"Libya"
"LBY",2008,0.658724304828535,1.38240755517147,2.04113186,555.4529362,"Libya"
"LBY",2009,0.984326485309972,2.17818001469003,3.1625065,955.5200848,"Libya"
"LBY",2010,0.915766992,2.136789648,3.05255664,942.53845619,"Libya"
"LBY",2011,1.75000711103128,3.01999999896872,4.77000711,617.81283025,"Libya"
"LBY",2012,1.27879351068557,3.01999999931443,4.29879351,1148.51074031,"Libya"
"LBY",2013,1.31485587081674,3.01999999918326,4.33485587,911.43009852,"Libya"
"LBY",2014,1.3148558709117,3.6540791590883,4.96893503,806.22574483,"Libya"
"MAR",1995,2.37044582189388,1.18413371810612,3.55457954,99.14630645,"Morocco"
"MAR",1996,2.34445546031436,1.14335154968564,3.48780701,110.56103664,"Morocco"
"MAR",1997,2.63677992652849,1.07339024347151,3.71017017,117.11954621,"Morocco"
"MAR",1998,2.73596264260016,1.17910211739983,3.91506476,132.92700733,"Morocco"
"MAR",1999,2.83607268654938,1.14914190345062,3.98521459,136.47309694,"Morocco"
"MAR",2000,2.95077545453704,1.22973784546296,4.1805133,147.10851832,"Morocco"
"MAR",2001,3.01077387318891,1.42775922681109,4.4385331,170.04678379,"Morocco"
"MAR",2002,3.9295303819872,1.3788089480128,5.30833933,211.28393556,"Morocco"
"MAR",2003,3.85678198980209,1.39499543019791,5.25177742,224.5619295,"Morocco"
"MAR",2004,3.78601823832275,1.42952980167725,5.21554804,237.9104231,"Morocco"
"MAR",2005,3.61910789251958,1.43892586748042,5.05803376,242.88279202,"Morocco"
"MAR",2006,3.51956545612577,1.71440250387423,5.23396796,276.37184787,"Morocco"
"MAR",2007,3.577105241648,1.898077318352,5.47518256,301.68937912,"Morocco"
"MAR",2008,3.522925803767,1.891971766233,5.41489757,317.74171764,"Morocco"
"MAR",2009,3.61911664483692,2.04639606516308,5.66551271,346.87940032,"Morocco"
"MAR",2010,3.7912825927767,2.0675720372233,5.85885463,277.95652767,"Morocco"
"MAR",2011,3.90097973042927,2.08777205957073,5.98875179,401.83396507,"Morocco"
"MAR",2012,3.96538619481541,2.18146636518459,6.14685256,425.14299367,"Morocco"
"MAR",2013,3.97759635968403,1.95774948031597,5.93534584,428.79521643,"Morocco"
"MAR",2014,3.90645178380727,2.00132627619273,5.90777806,446.63974242,"Morocco"
"MDG",1995,2.62371688707548,1.44152620292452,4.06524309,41.55959896,"Madagascar"
"MDG",1996,2.60224978752191,1.91497211247809,4.5172219,46.54555874,"Madagascar"
"MDG",1997,2.63319982970058,2.14802212029942,4.78122195,50.33871589,"Madagascar"
"MDG",1998,2.54742547044061,1.96133517955939,4.50876065,48.31561471,"Madagascar"
"MDG",1999,2.5070286428233,2.0399136371767,4.54694228,50.22857323,"Madagascar"
"MDG",2000,2.50729437192621,2.57330422807379,5.0805986,58.23268813,"Madagascar"
"MDG",2001,2.3635038782652,2.8085156617348,5.17201954,62.33640111,"Madagascar"
"MDG",2002,2.55127464386906,2.74321383613094,5.29448848,54.88919924,"Madagascar"
"MDG",2003,2.5528923915617,2.2601741884383,4.81306658,54.2230147,"Madagascar"
"MDG",2004,2.45054917962298,2.43699522037702,4.8875444,57.81357573,"Madagascar"
"MDG",2005,2.40857086352909,2.62144998647091,5.03002085,62.38910781,"Madagascar"
"MDG",2006,2.29418926473438,2.81771161526562,5.11190088,66.68191258,"Madagascar"
"MDG",2007,2.24417469139141,2.73982183860859,4.98399653,68.91424403,"Madagascar"
"MDG",2008,2.0768204698208,2.4189184201792,4.49573889,66.00689973,"Madagascar"
"MDG",2009,2.2921260505253,2.4082129194747,4.70033897,64.89127922,"Madagascar"
"MDG",2010,2.25779153079549,2.60655860920451,4.86435014,66.26698187,"Madagascar"
"MDG",2011,1.79972242099451,2.4358722790055,4.2355947,58.09751877,"Madagascar"
"MDG",2012,1.64012675276441,1.81610529723559,3.45623205,48.34825107,"Madagascar"
"MDG",2013,1.58723299880549,2.56044494119451,4.14767794,58.64733798,"Madagascar"
"MDG",2014,1.5679404145771,1.4734146054229,3.04135502,43.70476778,"Madagascar"
"MLI",1995,2.40007966594835,2.62742229405165,5.02750196,43.9324028,"Mali"
"MLI",1996,4.57004972254447,2.99378761745553,7.56383734,65.1248839,"Mali"
"MLI",1997,4.38323429248857,2.47827614751143,6.86151044,63.25156804,"Mali"
"MLI",1998,4.06482475737852,2.13675293262148,6.20157769,60.2521898,"Mali"
"MLI",1999,4.22838402711012,1.81939669288988,6.04778072,62.97421264,"Mali"
"MLI",2000,4.22302032832717,2.06992132167283,6.29294165,64.44776307,"Mali"
"MLI",2001,3.52026400751885,2.87244863248115,6.39271264,76.30685186,"Mali"
"MLI",2002,3.77819587519824,2.53887744480176,6.31707332,64.33308903,"Mali"
"MLI",2003,3.4928695755868,2.7571989844132,6.25006856,68.61108664,"Mali"
"MLI",2004,3.18800934726826,3.09188655273174,6.2798959,74.09065387,"Mali"
"MLI",2005,3.29727628879551,3.03852949120449,6.33580578,80.18927412,"Mali"
"MLI",2006,3.39080471595369,3.16463356404631,6.55543828,86.8998321,"Mali"
"MLI",2007,3.60593398873697,3.36657696126303,6.97251095,95.73532231,"Mali"
"MLI",2008,3.60127488564078,3.13569731435922,6.7369722,95.78012205,"Mali"
"MLI",2009,3.70037292572608,3.14899578427392,6.84936871,99.20487992,"Mali"
"MLI",2010,3.54460450857703,2.80745966142297,6.35206417,95.47477221,"Mali"
"MLI",2011,3.57338549878787,3.01524631121213,6.58863181,102.39318512,"Mali"
"MLI",2012,4.21507693824249,2.25026258175751,6.46533952,101.17600249,"Mali"
"MLI",2013,5.4435164192439,1.1342730807561,6.5777895,99.17748647,"Mali"
"MLI",2014,5.29399438416072,1.56817210583928,6.86216649,108.09989826,"Mali"
"NGA",1995,2.1116342673933,0.658145012606698,2.76977928,88.96537265,"Nigeria"
"NGA",1996,2.31554728904332,0.600480920956681,2.91602821,97.66675202,"Nigeria"
"NGA",1997,2.19838018247944,0.717612287520556,2.91599247,99.60255135,"Nigeria"
"NGA",1998,2.56171450419607,0.906626185803926,3.46834069,119.97172601,"Nigeria"
"NGA",1999,2.39374706373242,0.98366614626758,3.37741321,116.22646807,"Nigeria"
"NGA",2000,1.88775050460665,0.949286025393347,2.83703653,102.55060606,"Nigeria"
"NGA",2001,2.22852332933864,1.01770735066136,3.24623068,122.18986235,"Nigeria"
"NGA",2002,1.80966168456536,0.622004345434643,2.43166603,94.0404402,"Nigeria"
"NGA",2003,3.14027276600316,0.906661783996842,4.04693455,199.10157991,"Nigeria"
"NGA",2004,2.91274518134212,1.41476043865788,4.32750562,245.92971337,"Nigeria"
"NGA",2005,2.90851064000666,1.19778680999334,4.10629745,242.76002997,"Nigeria"
"NGA",2006,2.4522594015585,1.2046008584415,3.65686026,234.89217034,"Nigeria"
"NGA",2007,3.00059789167661,1.47272880832339,4.4733267,306.93829029,"Nigeria"
"NGA",2008,2.52801682744093,1.47005940255907,3.99807623,289.45342928,"Nigeria"
"NGA",2009,2.9103308038674,1.3246700161326,4.23500082,321.64897998,"Nigeria"
"NGA",2010,2.56194503342129,0.908580696578707,3.47052573,174.19214229,"Nigeria"
"NGA",2011,2.53539937203559,1.15161124796441,3.68701062,192.85273424,"Nigeria"
"NGA",2012,2.26591466830042,1.03316953169958,3.2990842,178.3101464,"Nigeria"
"NGA",2013,2.82129850433814,0.882627255661855,3.70392576,208.46400166,"Nigeria"
"NGA",2014,2.74626331257142,0.922535127428579,3.66879844,216.8711705,"Nigeria"
"SAU",1995,1.38935750318464,1.54319460681536,2.93255211,755.28938344,"Saudi Arabia"
"SAU",1996,1.31563256645449,1.6172718835455,2.93290445,775.54981581,"Saudi Arabia"
"SAU",1997,1.27620009808492,1.75270471191508,3.02890481,815.58477094,"Saudi Arabia"
"SAU",1998,1.3668618490858,1.9458600409142,3.31272189,904.74959277,"Saudi Arabia"
"SAU",1999,1.29566524632613,2.80339628367387,4.09906153,1099.76318437,"Saudi Arabia"
"SAU",2000,1.18355138164057,3.05183446835943,4.23538585,1186.4674001,"Saudi Arabia"
"SAU",2001,1.23266591041039,3.25646884958961,4.48913476,1257.07377087,"Saudi Arabia"
"SAU",2002,1.19205238756453,3.09008987243547,4.28214226,1183.57050222,"Saudi Arabia"
"SAU",2003,1.1222773796992,2.8964229703008,4.01870035,1183.65873874,"Saudi Arabia"
"SAU",2004,1.02215168510923,2.56182861489077,3.5839803,1150.65083103,"Saudi Arabia"
"SAU",2005,0.940387200167109,2.47836449983289,3.4187517,1181.2591922,"Saudi Arabia"
"SAU",2006,0.908312877808729,2.64139125219127,3.54970413,1299.25929331,"Saudi Arabia"
"SAU",2007,0.980053622626169,2.50739774737383,3.48745137,1353.63754773,"Saudi Arabia"
"SAU",2008,0.980745447783662,1.88940521221634,2.87015066,1201.24686639,"Saudi Arabia"
"SAU",2009,1.2982115282368,2.7882370617632,4.08644859,1712.13591592,"Saudi Arabia"
"SAU",2010,1.22776808089524,2.26520010910477,3.49296819,1514.26261089,"Saudi Arabia"
"SAU",2011,1.06982687201363,2.49588715798637,3.56571403,1692.78887278,"Saudi Arabia"
"SAU",2012,1.11114592353396,2.75228269646604,3.86342862,1920.38070115,"Saudi Arabia"
"SAU",2013,1.14499550424889,3.10036955575111,4.24536506,2159.39307782,"Saudi Arabia"
"SAU",2014,1.19329506891724,3.49078974108276,4.68408481,2465.97676769,"Saudi Arabia"
"SEN",1995,2.65450729870958,1.27985383129042,3.93436113,50.90094584,"Senegal"
"SEN",1996,2.60024318725217,1.48401433274783,4.08425752,53.48333446,"Senegal"
"SEN",1997,2.6552833006399,1.2842599893601,3.93954329,52.78921713,"Senegal"
"SEN",1998,2.65496634874224,1.31116858125776,3.96613493,55.53519661,"Senegal"
"SEN",1999,2.74867847339155,1.74100121660845,4.48967969,66.25891642,"Senegal"
"SEN",2000,2.73596934799822,1.89554163200178,4.63151098,70.35792475,"Senegal"
"SEN",2001,2.84342470068608,2.13524026931393,4.97866497,78.83990118,"Senegal"
"SEN",2002,3.11370679996017,1.95048094003983,5.06418774,79.81765292,"Senegal"
"SEN",2003,3.30765763007106,2.09132831992894,5.39898595,90.12923524,"Senegal"
"SEN",2004,3.56172968670879,2.11925709329121,5.68098678,100.40262128,"Senegal"
"SEN",2005,2.37218649068627,2.98243741931373,5.35462391,100.40708888,"Senegal"
"SEN",2006,2.29365499234003,3.14990160765997,5.4435566,104.919558,"Senegal"
"SEN",2007,2.38928479227806,2.33251242772194,4.72179722,95.41717651,"Senegal"
"SEN",2008,2.40762115017946,2.52752636982054,4.93514752,102.5632025,"Senegal"
"SEN",2009,2.32129595188101,2.48626364811899,4.8075596,100.22574195,"Senegal"
"SEN",2010,2.25294369727923,2.36854781272077,4.62149151,98.73971716,"Senegal"
"SEN",2011,2.13706245026681,2.27983939973319,4.41690185,95.3619219,"Senegal"
"SEN",2012,2.1313192620061,2.17986621799389,4.31118548,95.01243387,"Senegal"
"SEN",2013,2.27223793616989,2.23831542383011,4.51055336,101.18092028,"Senegal"
"SEN",2014,2.24701594033546,2.41795606966454,4.66497201,106.93550431,"Senegal"
"SYR",1995,3.3276413137909,2.1892377062091,5.51687902,167.90563025,"Syria"
"SYR",1996,3.54632000391842,1.95409469608158,5.5004147,172.94984645,"Syria"
"SYR",1997,3.42020658328611,1.87776047671389,5.29796706,168.18858817,"Syria"
"SYR",1998,3.16277940114601,1.96092322885399,5.12370263,170.69272051,"Syria"
"SYR",1999,3.2352898097058,2.0144257302942,5.24971554,166.79918785,"Syria"
"SYR",2000,2.92939711067234,1.98977916932766,4.91917628,157.01318635,"Syria"
"SYR",2001,2.74218399884567,2.17305147115433,4.91523547,160.56789459,"Syria"
"SYR",2002,2.68022036558134,2.26224293441866,4.9424633,172.72573777,"Syria"
"SYR",2003,2.64773349246646,2.46833816753354,5.11607166,187.36242343,"Syria"
"SYR",2004,2.33019257239698,2.14840897760302,4.47860155,176.50841431,"Syria"
"SYR",2005,2.03413750529558,2.07556844470442,4.10970595,173.13662004,"Syria"
"SYR",2006,1.94401252930457,1.83354684069543,3.77755937,169.12248334,"Syria"
"SYR",2007,1.9326817534314,1.7896512965686,3.72233305,172.87187225,"Syria"
"SYR",2008,1.80115078716814,1.59647670283186,3.39762749,162.81327363,"Syria"
"SYR",2009,1.9150939782,1.6313763518,3.54647033,177.48487328,"Syria"
"SYR",2010,1.7692815852,1.5071657948,3.27644738,171.90409515,"Syria"
"SYR",2011,1.72537545553925,1.50716579446075,3.23254125,188.14617712,"Syria"
"SYR",2012,1.74743880846869,1.50716579153131,3.2546046,163.24913284,"Syria"
"SYR",2013,1.74736528476048,1.50716579523952,3.25453108,270.7127486,"Syria"
"SYR",2014,1.74736528476048,1.50716579523952,3.25453108,375.87533693,"Syria"
"TUN",1995,2.96469890384604,2.89433998615396,5.85903889,279.10048297,"Tunisia"
"TUN",1996,2.44340149986295,2.98733410013705,5.4307356,277.90520817,"Tunisia"
"TUN",1997,2.43843405824949,2.69982751175051,5.13826157,253.34808943,"Tunisia"
"TUN",1998,2.4787489777058,2.9193048722942,5.39805385,278.49154246,"Tunisia"
"TUN",1999,2.52649364770789,2.89870840229211,5.42520205,298.10654875,"Tunisia"
"TUN",2000,2.43429542794486,2.96160995205514,5.39590538,314.40024482,"Tunisia"
"TUN",2001,2.45627586066292,2.83444794933708,5.29072381,325.65136581,"Tunisia"
"TUN",2002,2.51792163049209,2.80141765950791,5.31933929,335.45425342,"Tunisia"
"TUN",2003,2.52437551309094,2.83340534690906,5.35778086,360.40555864,"Tunisia"
"TUN",2004,2.71169930152263,2.91368590847736,5.62538521,407.44936316,"Tunisia"
"TUN",2005,2.70099246221016,2.86603629778984,5.56702876,428.45524604,"Tunisia"
"TUN",2006,2.68927851195918,2.95506621804082,5.64434473,468.68466072,"Tunisia"
"TUN",2007,2.68952263988827,2.95239633011173,5.64191897,505.84879619,"Tunisia"
"TUN",2008,2.58673930238837,3.04191229761163,5.6286516,533.26150838,"Tunisia"
"TUN",2009,2.67666801433,3.50737885567,6.18404687,604.99583039,"Tunisia"
"TUN",2010,2.71439317721402,3.82921247278598,6.54360565,656.10649641,"Tunisia"
"TUN",2011,2.98741725772468,4.16722401227533,7.15464127,725.31948606,"Tunisia"
"TUN",2012,3.020832283906,4.157872526094,7.17870481,766.04005759,"Tunisia"
"TUN",2013,3.03504144600693,4.22962329399307,7.26466474,797.49401646,"Tunisia"
"TUN",2014,3.03504144521602,3.96881649478398,7.00385794,785.31749079,"Tunisia"
"TUR",1995,0.744059704935599,1.7628771604803,2.5070327,180.16971719,"Turkey"
"TUR",1996,0.8952356364394,2.0071669435606,2.90240258,224.5329305,"Turkey"
"TUR",1997,0.889545127471578,2.24402405252842,3.13356918,261.61425754,"Turkey"
"TUR",1998,1.00877241979418,2.58467040020582,3.59344282,309.81007352,"Turkey"
"TUR",1999,1.85243373694108,2.91311570482216,4.76552076,392.17235078,"Turkey"
"TUR",2000,1.83474523338735,3.11423964661265,4.94898488,457.30820405,"Turkey"
"TUR",2001,1.64762834393409,3.51255380606591,5.16018215,447.80548252,"Turkey"
"TUR",2002,1.57043521477591,3.78627821522409,5.35671343,467.36603457,"Turkey"
"TUR",2003,1.49896437169738,3.83965319830262,5.33861757,473.20095217,"Turkey"
"TUR",2004,1.54409489160447,3.82607108839553,5.37016598,549.48219072,"Turkey"
"TUR",2005,1.75241866155487,3.69638290844513,5.44880157,624.67816196,"Turkey"
"TUR",2006,1.83981659178883,3.97103966821117,5.81085626,754.38435559,"Turkey"
"TUR",2007,1.94193770494236,4.09521857505764,6.03715628,843.87233037,"Turkey"
"TUR",2008,1.63907823340856,4.43529520208843,6.07447864,918.15202178,"Turkey"
"TUR",2009,1.1569892332479,4.9225319967521,6.07952123,887.12788359,"Turkey"
"TUR",2010,1.20094717064403,4.41227043935597,5.61321761,904.09447184,"Turkey"
"TUR",2011,1.08097840449356,4.20585980375093,5.28676115,941.37578831,"Turkey"
"TUR",2012,1.08724000006283,4.14914329993717,5.2363833,948.70196368,"Turkey"
"TUR",2013,1.15881609056684,4.22563990943316,5.384456,1006.95705909,"Turkey"
"TUR",2014,1.22118052108685,4.19377896891315,5.41495949,1036.46529379,"Turkey"
"ZAF",1995,4.85608385163009,3.42774043836991,8.28382429,554.92681328,"South Africa"
"ZAF",1996,4.63118351405803,3.84062047594197,8.47180399,591.54176853,"South Africa"
"ZAF",1997,4.83390388662362,3.75499383337638,8.58889772,615.47124411,"South Africa"
"ZAF",1998,4.90075598476817,3.58441715523183,8.48517314,608.31858427,"South Africa"
"ZAF",1999,5.08731850742347,3.41837645257653,8.50569496,624.67057177,"South Africa"
"ZAF",2000,4.77765379109878,3.29083907890122,8.06849287,622.17225773,"South Africa"
"ZAF",2001,4.98401471260059,3.33080340739941,8.31481812,663.40318292,"South Africa"
"ZAF",2002,4.85379443476716,3.23191745523284,8.08571189,669.09104211,"South Africa"
"ZAF",2003,4.91935344880529,3.33799479119471,8.25734824,706.79423942,"South Africa"
"ZAF",2004,4.70858139903068,3.21808613096932,7.92666753,718.25592236,"South Africa"
"ZAF",2005,4.45266335654474,3.31589857345526,7.76856193,754.07268355,"South Africa"
"ZAF",2006,4.20686093538497,3.36093291461503,7.56779385,788.43610673,"South Africa"
"ZAF",2007,4.1345303325734,3.3985272374266,7.53305757,837.52105724,"South Africa"
"ZAF",2008,4.15159917759221,3.59534550240779,7.74694468,894.42605881,"South Africa"
"ZAF",2009,4.43888906026202,3.94739832973798,8.38628739,948.47225719,"South Africa"
"ZAF",2010,4.5141062153368,3.9900538846632,8.5041601,990.90969331,"South Africa"
"ZAF",2011,4.47954363590954,4.13408349409046,8.61362713,1044.83359237,"South Africa"
"ZAF",2012,4.51822120416794,4.27629350583206,8.79451471,1097.42742615,"South Africa"
"ZAF",2013,4.57065800455212,4.20476090544788,8.77541891,1123.62804379,"South Africa"
"ZAF",2014,4.55371582998157,4.24326873001843,8.79698456,1148.37249844,"South Africa"
