"Code","Year","Improved.water.source....of.population.with.access.","Population.with.access.to.improved.water.source","Population.without.access.to.improved.water.source","Entity"
"CIV",1995,76.9,11181891,3358929,"Cote d'Ivoire"
"CIV",1996,77.1,11561337,3433912,"Cote d'Ivoire"
"CIV",1997,77.3,11939747,3506239,"Cote d'Ivoire"
"CIV",1998,77.5,12310528,3574024,"Cote d'Ivoire"
"CIV",1999,77.7,12665281,3634952,"Cote d'Ivoire"
"CIV",2000,77.9,12998831,3687730,"Cote d'Ivoire"
"CIV",2001,78.2,13325399,3714753,"Cote d'Ivoire"
"CIV",2002,78.5,13632716,3733801,"Cote d'Ivoire"
"CIV",2003,78.7,13913652,3765703,"Cote d'Ivoire"
"CIV",2004,79,14218213,3779525,"Cote d'Ivoire"
"CIV",2005,79.2,14522352,3813951,"Cote d'Ivoire"
"CIV",2006,79.5,14866051,3833384,"Cote d'Ivoire"
"CIV",2007,79.8,15230581,3855360,"Cote d'Ivoire"
"CIV",2008,80.1,15617887,3880099,"Cote d'Ivoire"
"CIV",2009,80.4,16028838,3907528,"Cote d'Ivoire"
"CIV",2010,80.7,16463874,3937457,"Cote d'Ivoire"
"CIV",2011,80.9,16904307,3991004,"Cote d'Ivoire"
"CIV",2012,81.2,17391906,4026697,"Cote d'Ivoire"
"CIV",2013,81.5,17902544,4063768,"Cote d'Ivoire"
"CIV",2014,81.8,18430644,4100706,"Cote d'Ivoire"
"CIV",2015,81.9,18925839,4182633,"Cote d'Ivoire"
"CMR",1995,56.5,7605462,5855532,"Cameroon"
"CMR",1996,57.6,7955984,5856488,"Cameroon"
"CMR",1997,58.6,8300938,5864485,"Cameroon"
"CMR",1998,59.7,8670571,5852999,"Cameroon"
"CMR",1999,60.7,9039378,5852513,"Cameroon"
"CMR",2000,61.7,9424202,5850032,"Cameroon"
"CMR",2001,62.8,9841970,5829957,"Cameroon"
"CMR",2002,63.8,10262157,5822729,"Cameroon"
"CMR",2003,64.9,10717470,5796352,"Cameroon"
"CMR",2004,65.9,11176034,5783047,"Cameroon"
"CMR",2005,66.9,11654512,5766283,"Cameroon"
"CMR",2006,68,12171702,5727860,"Cameroon"
"CMR",2007,69,12692818,5702571,"Cameroon"
"CMR",2008,70,13234906,5672102,"Cameroon"
"CMR",2009,71,13797104,5635437,"Cameroon"
"CMR",2010,72.1,14398727,5571768,"Cameroon"
"CMR",2011,73.1,15000447,5520000,"Cameroon"
"CMR",2012,74.1,15622046,5460337,"Cameroon"
"CMR",2013,75.1,16263442,5392273,"Cameroon"
"CMR",2014,75.4,16768888,5471016,"Cameroon"
"CMR",2015,75.6,17262899,5571623,"Cameroon"
"COD",1995,45.2,18801276,22794468,"Democratic Republic of Congo"
"COD",1996,45.6,19503368,23267176,"Democratic Republic of Congo"
"COD",1997,46,20161867,23668279,"Democratic Republic of Congo"
"COD",1998,46.4,20806005,24034524,"Democratic Republic of Congo"
"COD",1999,46.8,21480576,24418091,"Democratic Republic of Congo"
"COD",2000,47.1,22172978,24903409,"Democratic Republic of Congo"
"COD",2001,47.5,22987311,25407027,"Democratic Republic of Congo"
"COD",2002,47.9,23871327,25964429,"Democratic Republic of Congo"
"COD",2003,48.2,24769996,26620037,"Democratic Republic of Congo"
"COD",2004,48.6,25774629,27259588,"Democratic Republic of Congo"
"COD",2005,49,26828223,27923253,"Democratic Republic of Congo"
"COD",2006,49.3,27875704,28667307,"Democratic Republic of Congo"
"COD",2007,49.7,29033528,29384034,"Democratic Republic of Congo"
"COD",2008,50,30186804,30186804,"Democratic Republic of Congo"
"COD",2009,50.4,31454355,30955080,"Democratic Republic of Congo"
"COD",2010,50.7,32713294,31809969,"Democratic Republic of Congo"
"COD",2011,51.1,34090648,32622949,"Democratic Republic of Congo"
"COD",2012,51.4,35455043,33523639,"Democratic Republic of Congo"
"COD",2013,51.8,36941705,34374328,"Democratic Republic of Congo"
"COD",2014,52.1,38409610,35313250,"Democratic Republic of Congo"
"COD",2015,52.4,39927028,36269591,"Democratic Republic of Congo"
"COG",1997,68.3,2023367,939103,"Congo"
"COG",1998,68.6,2091239,957214,"Congo"
"COG",1999,68.9,2160941,975403,"Congo"
"COG",2000,69.2,2232203,993524,"Congo"
"COG",2001,69.5,2304485,1011321,"Congo"
"COG",2002,70.1,2388433,1018747,"Congo"
"COG",2003,70.6,2472778,1029741,"Congo"
"COG",2004,71.2,2567073,1038366,"Congo"
"COG",2005,71.7,2665980,1052263,"Congo"
"COG",2006,72.2,2774188,1068177,"Congo"
"COG",2007,72.8,2894707,1081539,"Congo"
"COG",2008,73.3,3016614,1098821,"Congo"
"COG",2009,73.8,3139239,1114473,"Congo"
"COG",2010,74.3,3259313,1127380,"Congo"
"COG",2011,74.8,3375522,1137208,"Congo"
"COG",2012,75.3,3488922,1144441,"Congo"
"COG",2013,75.8,3601556,1149837,"Congo"
"COG",2014,76.3,3716650,1154451,"Congo"
"COG",2015,76.5,3821671,1173977,"Congo"
"COM",1995,90.1,428330,47064,"Comoros"
"COM",1996,90.1,440253,48374,"Comoros"
"COM",1997,90.1,452260,49693,"Comoros"
"COM",1998,90.1,464362,51023,"Comoros"
"COM",1999,90.1,476492,52356,"Comoros"
"COM",2000,90.1,488664,53693,"Comoros"
"COM",2001,90.1,500855,55033,"Comoros"
"COM",2002,90.1,513101,56378,"Comoros"
"COM",2003,90.1,525473,57738,"Comoros"
"COM",2004,90.1,538102,59126,"Comoros"
"COM",2005,90.1,551076,60551,"Comoros"
"COM",2006,90.1,564409,62016,"Comoros"
"COM",2007,90.1,578100,63520,"Comoros"
"COM",2008,90.1,592163,65066,"Comoros"
"COM",2009,90.1,606600,66652,"Comoros"
"COM",2010,90.1,621412,68280,"Comoros"
"COM",2011,90.1,636619,69950,"Comoros"
"COM",2012,90.1,652205,71663,"Comoros"
"COM",2013,90.1,668092,73409,"Comoros"
"COM",2014,90.1,684206,75179,"Comoros"
"COM",2015,90.1,700459,76965,"Comoros"
"DZA",1995,91.2,26360720,2543578,"Algeria"
"DZA",1996,90.9,26734976,2676439,"Algeria"
"DZA",1997,90.5,27047589,2839250,"Algeria"
"DZA",1998,90.2,27362830,2972902,"Algeria"
"DZA",1999,89.9,27658286,3107327,"Algeria"
"DZA",2000,89.5,27909376,3274284,"Algeria"
"DZA",2001,89.2,28180200,3411953,"Algeria"
"DZA",2002,88.8,28411601,3583445,"Algeria"
"DZA",2003,88.5,28677110,3726404,"Algeria"
"DZA",2004,88.1,28924196,3906900,"Algeria"
"DZA",2005,87.7,29193959,4094478,"Algeria"
"DZA",2006,87.4,29521898,4256017,"Algeria"
"DZA",2007,87,29841066,4459010,"Algeria"
"DZA",2008,86.6,30189379,4671336,"Algeria"
"DZA",2009,86.2,30571485,4894275,"Algeria"
"DZA",2010,85.7,30952815,5164822,"Algeria"
"DZA",2011,85.3,31407083,5412475,"Algeria"
"DZA",2012,84.9,31893404,5672443,"Algeria"
"DZA",2013,84.5,32396085,5942477,"Algeria"
"DZA",2014,84,32855183,6258130,"Algeria"
"DZA",2015,83.6,33332597,6538931,"Algeria"
"EGY",1995,94.6,60273809,3440577,"Egypt"
"EGY",1996,94.9,61621850,3311606,"Egypt"
"EGY",1997,95.1,62909712,3241405,"Egypt"
"EGY",1998,95.4,64278665,3099391,"Egypt"
"EGY",1999,95.6,65607091,3019573,"Egypt"
"EGY",2000,95.9,67039842,2866146,"Egypt"
"EGY",2001,96.1,68449089,2777851,"Egypt"
"EGY",2002,96.4,69976874,2613244,"Egypt"
"EGY",2003,96.6,71466556,2515386,"Egypt"
"EGY",2004,96.9,73045060,2336839,"Egypt"
"EGY",2005,97.1,74551583,2226566,"Egypt"
"EGY",2006,97.3,76048754,2110294,"Egypt"
"EGY",2007,97.6,77628359,1908894,"Egypt"
"EGY",2008,97.8,79172896,1780985,"Egypt"
"EGY",2009,98.1,80898187,1566835,"Egypt"
"EGY",2010,98.3,82677777,1429829,"Egypt"
"EGY",2011,98.6,84694995,1202566,"Egypt"
"EGY",2012,98.8,86759498,1053759,"Egypt"
"EGY",2013,99.1,88999166,808267,"Egypt"
"EGY",2014,99.2,91078065,734501,"Egypt"
"EGY",2015,99.4,93215503,562669,"Egypt"
"ERI",1995,48.4,1495637,1594522,"Eritrea"
"ERI",1996,48.9,1523909,1592470,"Eritrea"
"ERI",1997,49.4,1561707,1599643,"Eritrea"
"ERI",1998,49.9,1608887,1615336,"Eritrea"
"ERI",1999,50.5,1667643,1634620,"Eritrea"
"ERI",2000,51,1730329,1662472,"Eritrea"
"ERI",2001,51.5,1801019,1696105,"Eritrea"
"ERI",2002,52.1,1883227,1731412,"Eritrea"
"ERI",2003,52.6,1966327,1771938,"Eritrea"
"ERI",2004,53.1,2048929,1809694,"Eritrea"
"ERI",2005,53.7,2131357,1837650,"Eritrea"
"ERI",2006,54.2,2204123,1862525,"Eritrea"
"ERI",2007,54.8,2276026,1877306,"Eritrea"
"ERI",2008,55.3,2340648,1891988,"Eritrea"
"ERI",2009,55.9,2409477,1900857,"Eritrea"
"ERI",2010,56.4,2476434,1914406,"Eritrea"
"ERI",2011,57,2550573,1924117,"Eritrea"
"ERI",2012,57.5,0,0,"Eritrea"
"ERI",2013,57.6,0,0,"Eritrea"
"ERI",2014,57.7,0,0,"Eritrea"
"ERI",2015,57.8,0,0,"Eritrea"
"ETH",1995,19.5,11175427,46134453,"Ethiopia"
"ETH",1996,21.4,12659202,46495946,"Ethiopia"
"ETH",1997,23.3,14207513,46768937,"Ethiopia"
"ETH",1998,25.2,15824126,46970025,"Ethiopia"
"ETH",1999,27,17452815,47187239,"Ethiopia"
"ETH",2000,28.9,19229289,47308042,"Ethiopia"
"ETH",2001,30.8,21095615,47396642,"Ethiopia"
"ETH",2002,32.7,23052582,47444610,"Ethiopia"
"ETH",2003,34.5,25028075,47517069,"Ethiopia"
"ETH",2004,36.4,27163283,47461122,"Ethiopia"
"ETH",2005,38.3,29386473,47340610,"Ethiopia"
"ETH",2006,40.1,31619126,47231563,"Ethiopia"
"ETH",2007,42,34020172,46980237,"Ethiopia"
"ETH",2008,43.9,36518168,46666724,"Ethiopia"
"ETH",2009,45.9,39206060,46210193,"Ethiopia"
"ETH",2010,47.8,41921876,45780794,"Ethiopia"
"ETH",2011,49.7,44753238,45293518,"Ethiopia"
"ETH",2012,51.6,47701198,44742985,"Ethiopia"
"ETH",2013,53.5,50764932,44122792,"Ethiopia"
"ETH",2014,55.4,53941193,43425581,"Ethiopia"
"ETH",2015,57.3,57227248,42645785,"Ethiopia"
"GHA",1995,63.2,10592615,6167852,"Ghana"
"GHA",1996,64.7,11119088,6066520,"Ghana"
"GHA",1997,66.2,11657034,5951778,"Ghana"
"GHA",1998,67.6,12192670,5843824,"Ghana"
"GHA",1999,69.1,12768030,5709582,"Ghana"
"GHA",2000,70.5,13351827,5586935,"Ghana"
"GHA",2001,71.8,13944712,5476893,"Ghana"
"GHA",2002,73.1,14564826,5359696,"Ghana"
"GHA",2003,74.5,15232853,5213929,"Ghana"
"GHA",2004,75.8,15907794,5078742,"Ghana"
"GHA",2005,77,16587347,4954662,"Ghana"
"GHA",2006,78.3,17314812,4798613,"Ghana"
"GHA",2007,79.5,18046669,4653543,"Ghana"
"GHA",2008,80.7,18802002,4496638,"Ghana"
"GHA",2009,81.9,19577238,4326593,"Ghana"
"GHA",2010,83.1,20369558,4142546,"Ghana"
"GHA",2011,84.3,21177674,3944122,"Ghana"
"GHA",2012,85.4,21976024,3757025,"Ghana"
"GHA",2013,86.5,22789507,3556744,"Ghana"
"GHA",2014,87.6,23619205,3343358,"Ghana"
"GHA",2015,88.7,24465962,3116859,"Ghana"
"GIN",1995,57.6,4533796,3337377,"Guinea"
"GIN",1996,58.6,4765675,3366877,"Guinea"
"GIN",1997,59.6,4969441,3368547,"Guinea"
"GIN",1998,60.7,5161501,3341796,"Guinea"
"GIN",1999,61.7,5339375,3314394,"Guinea"
"GIN",2000,62.7,5522958,3285588,"Guinea"
"GIN",2001,63.7,5714616,3256523,"Guinea"
"GIN",2002,64.8,5921000,3216345,"Guinea"
"GIN",2003,65.8,6125880,3183968,"Guinea"
"GIN",2004,66.8,6339473,3150756,"Guinea"
"GIN",2005,67.8,6562867,3116878,"Guinea"
"GIN",2006,68.8,6798422,3083006,"Guinea"
"GIN",2007,69.8,7047515,3049212,"Guinea"
"GIN",2008,70.8,7308785,3014357,"Guinea"
"GIN",2009,71.8,7579584,2976940,"Guinea"
"GIN",2010,72.8,7858156,2936014,"Guinea"
"GIN",2011,73.8,8143955,2891215,"Guinea"
"GIN",2012,74.8,8438539,2842930,"Guinea"
"GIN",2013,75.7,8733218,2803397,"Guinea"
"GIN",2014,76.7,9054825,2750684,"Guinea"
"GIN",2015,76.8,9286297,2805236,"Guinea"
"GMB",1995,79.3,845515,220708,"Gambia"
"GMB",1996,80,877366,219342,"Gambia"
"GMB",1997,80.7,910432,217737,"Gambia"
"GMB",1998,81.3,943847,217097,"Gambia"
"GMB",1999,82,980244,215176,"Gambia"
"GMB",2000,82.7,1018735,213109,"Gambia"
"GMB",2001,83.3,1058322,212173,"Gambia"
"GMB",2002,84,1101533,209816,"Gambia"
"GMB",2003,84.6,1145648,208546,"Gambia"
"GMB",2004,85.2,1191584,206989,"Gambia"
"GMB",2005,85.9,1240571,203633,"Gambia"
"GMB",2006,86.5,1289733,201288,"Gambia"
"GMB",2007,87.1,1340570,198546,"Gambia"
"GMB",2008,87.7,1393178,195394,"Gambia"
"GMB",2009,88.3,1447731,191829,"Gambia"
"GMB",2010,88.9,1504320,187829,"Gambia"
"GMB",2011,89.5,1562995,183368,"Gambia"
"GMB",2012,90.1,1623715,178410,"Gambia"
"GMB",2013,90.1,1675251,184073,"Gambia"
"GMB",2014,90.2,1729903,187949,"Gambia"
"GMB",2015,90.2,1783786,193804,"Gambia"
"IRN",1995,93,56335349,4240295,"Iran"
"IRN",1996,93.3,57457022,4126067,"Iran"
"IRN",1997,93.5,58634371,4076186,"Iran"
"IRN",1998,93.7,59874890,4025740,"Iran"
"IRN",1999,93.9,61093838,3968822,"Iran"
"IRN",2000,94.1,62230075,3901779,"Iran"
"IRN",2001,94.3,63271918,3824496,"Iran"
"IRN",2002,94.5,64244247,3739083,"Iran"
"IRN",2003,94.7,65165639,3647074,"Iran"
"IRN",2004,94.9,66066628,3550472,"Iran"
"IRN",2005,95.1,66971142,3450669,"Iran"
"IRN",2006,95.2,67808942,3418938,"Iran"
"IRN",2007,95.4,68717672,3313431,"Iran"
"IRN",2008,95.5,69567493,3278049,"Iran"
"IRN",2009,95.6,70445312,3242253,"Iran"
"IRN",2010,95.8,71435676,3131835,"Iran"
"IRN",2011,95.9,72396427,3095155,"Iran"
"IRN",2012,96,73395431,3058143,"Iran"
"IRN",2013,96.1,74415404,3019980,"Iran"
"IRN",2014,96.2,75431471,2979621,"Iran"
"IRN",2015,96.2,76344788,3015699,"Iran"
"IRQ",1995,78.2,15802959,4405428,"Iraq"
"IRQ",1996,78.6,16384872,4461021,"Iraq"
"IRQ",1997,78.9,16970831,4538460,"Iraq"
"IRQ",1998,79.4,17619059,4571192,"Iraq"
"IRQ",1999,79.9,18279647,4598509,"Iraq"
"IRQ",2000,80.4,18946592,4618821,"Iraq"
"IRQ",2001,80.8,19595332,4656317,"Iraq"
"IRQ",2002,81.3,20275650,4663649,"Iraq"
"IRQ",2003,81.8,20963398,4664228,"Iraq"
"IRQ",2004,82.3,21658569,4658040,"Iraq"
"IRQ",2005,82.8,22362977,4645449,"Iraq"
"IRQ",2006,83.2,23044663,4653249,"Iraq"
"IRQ",2007,83.7,23762792,4627641,"Iraq"
"IRQ",2008,84.2,24511813,4599604,"Iraq"
"IRQ",2009,84.7,25320770,4573882,"Iraq"
"IRQ",2010,85.1,26179059,4583642,"Iraq"
"IRQ",2011,85.6,27158357,4568696,"Iraq"
"IRQ",2012,86.1,28220628,4555943,"Iraq"
"IRQ",2013,86.5,29308920,4574225,"Iraq"
"IRQ",2014,86.6,30315265,4690815,"Iraq"
"IRQ",2015,86.6,31276152,4839497,"Iraq"
"ISR",1995,100,5545000,0,"Israel"
"ISR",1996,100,5692000,0,"Israel"
"ISR",1997,100,5836000,0,"Israel"
"ISR",1998,100,5971000,0,"Israel"
"ISR",1999,100,6125000,0,"Israel"
"ISR",2000,100,6289000,0,"Israel"
"ISR",2001,100,6439000,0,"Israel"
"ISR",2002,100,6570000,0,"Israel"
"ISR",2003,100,6689700,0,"Israel"
"ISR",2004,100,6809000,0,"Israel"
"ISR",2005,100,6930100,0,"Israel"
"ISR",2006,100,7053700,0,"Israel"
"ISR",2007,100,7180100,0,"Israel"
"ISR",2008,100,7308800,0,"Israel"
"ISR",2009,100,7485600,0,"Israel"
"ISR",2010,100,7623600,0,"Israel"
"ISR",2011,100,7765800,0,"Israel"
"ISR",2012,100,7910500,0,"Israel"
"ISR",2013,100,8059500,0,"Israel"
"ISR",2014,100,8215700,0,"Israel"
"ISR",2015,100,8380100,0,"Israel"
"KEN",1995,47.4,12962220,14384236,"Kenya"
"KEN",1996,48.3,13595356,14552378,"Kenya"
"KEN",1997,49.1,14216470,14737644,"Kenya"
"KEN",1998,50,14884902,14884902,"Kenya"
"KEN",1999,50.9,15575602,15024795,"Kenya"
"KEN",2000,51.8,16291350,15159133,"Kenya"
"KEN",2001,52.6,17001100,15320382,"Kenya"
"KEN",2002,53.5,17769495,15444514,"Kenya"
"KEN",2003,54.3,18533053,15597799,"Kenya"
"KEN",2004,55.2,19361362,15713569,"Kenya"
"KEN",2005,56,20187041,15861247,"Kenya"
"KEN",2006,56.8,21045564,16006486,"Kenya"
"KEN",2007,57.7,21975569,16110340,"Kenya"
"KEN",2008,58.5,22901823,16246593,"Kenya"
"KEN",2009,59.3,23860662,16376542,"Kenya"
"KEN",2010,60,24810091,16540061,"Kenya"
"KEN",2011,60.8,25831998,16654841,"Kenya"
"KEN",2012,61.6,26886323,16760306,"Kenya"
"KEN",2013,62.3,27927127,16899722,"Kenya"
"KEN",2014,63.1,29041302,16982948,"Kenya"
"KEN",2015,63.2,29853316,17382943,"Kenya"
"LBN",1995,83.3,2526817,506577,"Lebanon"
"LBN",1996,83.3,2558110,512850,"Lebanon"
"LBN",1997,83.3,2576194,516476,"Lebanon"
"LBN",1998,83.3,2593921,520030,"Lebanon"
"LBN",1999,84.5,2667366,489280,"Lebanon"
"LBN",2000,85.7,2772709,462657,"Lebanon"
"LBN",2001,86.9,2919717,440142,"Lebanon"
"LBN",2002,88.1,3103619,419218,"Lebanon"
"LBN",2003,89.3,3305407,396057,"Lebanon"
"LBN",2004,90.5,3496257,367010,"Lebanon"
"LBN",2005,91.7,3655943,330909,"Lebanon"
"LBN",2006,92.9,3769278,288072,"Lebanon"
"LBN",2007,94.1,3845365,241101,"Lebanon"
"LBN",2008,95.3,3917828,193219,"Lebanon"
"LBN",2009,96.5,4036746,146410,"Lebanon"
"LBN",2010,97.7,4237387,99754,"Lebanon"
"LBN",2011,99,4542484,45884,"Lebanon"
"LBN",2012,99,4867240,49164,"Lebanon"
"LBN",2013,99,5223341,52761,"Lebanon"
"LBN",2014,99,5547246,56033,"Lebanon"
"LBN",2015,99,5792964,58515,"Lebanon"
"LBY",1995,71.2,3523544,1425254,"Libya"
"LBY",1996,71.2,3585549,1450335,"Libya"
"LBY",1997,71.2,3643496,1473773,"Libya"
"LBY",1998,71.2,3699197,1496305,"Libya"
"LBY",1999,71.2,3755204,1518959,"Libya"
"LBY",2000,71.2,3813295,1542456,"Libya"
"LBY",2001,71.2,3873683,1566883,"Libya"
"MAR",1995,75.8,20523026,6552206,"Morocco"
"MAR",1996,76.4,20979901,6480702,"Morocco"
"MAR",1997,76.9,21398118,6427783,"Morocco"
"MAR",1998,77.3,21779478,6395785,"Morocco"
"MAR",1999,77.8,22184513,6330285,"Morocco"
"MAR",2000,78.3,22589253,6260368,"Morocco"
"MAR",2001,78.8,22995284,6186548,"Morocco"
"MAR",2002,79.3,23403308,6109060,"Morocco"
"MAR",2003,79.8,23815462,6028475,"Morocco"
"MAR",2004,80.3,24233966,5945319,"Morocco"
"MAR",2005,80.8,24661025,5860045,"Morocco"
"MAR",2006,81.4,25127648,5741698,"Morocco"
"MAR",2007,81.9,25573997,5651884,"Morocco"
"MAR",2008,82.5,26067405,5529450,"Morocco"
"MAR",2009,83,26551615,5438282,"Morocco"
"MAR",2010,83.5,27062049,5347590,"Morocco"
"MAR",2011,84,27601411,5257412,"Morocco"
"MAR",2012,84.6,28200385,5133404,"Morocco"
"MAR",2013,85.1,28784878,5039891,"Morocco"
"MAR",2014,85.3,29273324,5044758,"Morocco"
"MAR",2015,85.4,29722037,5081285,"Morocco"
"MDG",1995,34,4581636,8893764,"Madagascar"
"MDG",1996,34.8,4838135,9064553,"Madagascar"
"MDG",1997,35.6,5107836,9240018,"Madagascar"
"MDG",1998,36.4,5390400,9418391,"Madagascar"
"MDG",1999,37.2,5685098,9597423,"Madagascar"
"MDG",2000,38,5991386,9775420,"Madagascar"
"MDG",2001,38.8,6309242,9951690,"Madagascar"
"MDG",2002,39.6,6638986,10126131,"Madagascar"
"MDG",2003,40.4,6980773,10298368,"Madagascar"
"MDG",2004,41.2,7334835,10468162,"Madagascar"
"MDG",2005,42.1,7719761,10616963,"Madagascar"
"MDG",2006,43.1,8137396,10742872,"Madagascar"
"MDG",2007,44,8550750,10882773,"Madagascar"
"MDG",2008,45,8998411,10998058,"Madagascar"
"MDG",2009,45.9,9441227,11127894,"Madagascar"
"MDG",2010,46.9,9920119,11231521,"Madagascar"
"MDG",2011,47.8,10393608,11350341,"Madagascar"
"MDG",2012,48.7,10882781,11463792,"Madagascar"
"MDG",2013,49.7,11411690,11549456,"Madagascar"
"MDG",2014,50.6,11936439,11653362,"Madagascar"
"MDG",2015,51.5,12480555,11753533,"Madagascar"
"MLI",1995,36.8,3534438,6070012,"Mali"
"MLI",1996,38.7,3814585,6042225,"Mali"
"MLI",1997,40.6,4106322,6007772,"Mali"
"MLI",1998,42.6,4422236,5958599,"Mali"
"MLI",1999,44.6,4756020,5907703,"Mali"
"MLI",2000,46.6,5110944,5856746,"Mali"
"MLI",2001,48.6,5488523,5804735,"Mali"
"MLI",2002,50.6,5889298,5749631,"Mali"
"MLI",2003,52.7,6326702,5678426,"Mali"
"MLI",2004,54.7,6778373,5613533,"Mali"
"MLI",2005,56.7,7256899,5541864,"Mali"
"MLI",2006,58.7,7764287,5462777,"Mali"
"MLI",2007,60.8,8314768,5360838,"Mali"
"MLI",2008,62.8,8878800,5259416,"Mali"
"MLI",2009,64.8,9465075,5141522,"Mali"
"MLI",2010,66.9,10085232,4989853,"Mali"
"MLI",2011,68.9,10707741,4833248,"Mali"
"MLI",2012,70.9,11348729,4657941,"Mali"
"MLI",2013,73,12028807,4449011,"Mali"
"MLI",2014,75,12722135,4240712,"Mali"
"MLI",2015,77,13450287,4017618,"Mali"
"NGA",1995,46,49685274,58326191,"Nigeria"
"NGA",1996,47.2,52265931,58466973,"Nigeria"
"NGA",1997,48.3,54831467,58691238,"Nigeria"
"NGA",1998,49.5,57610946,58774804,"Nigeria"
"NGA",1999,50.6,60379499,58947574,"Nigeria"
"NGA",2000,51.8,63378341,58973668,"Nigeria"
"NGA",2001,53,66495620,58967814,"Nigeria"
"NGA",2002,54.2,69737357,58929353,"Nigeria"
"NGA",2003,55.4,73112783,58859750,"Nigeria"
"NGA",2004,56.6,76632787,58760829,"Nigeria"
"NGA",2005,57.8,80307018,58632460,"Nigeria"
"NGA",2006,59,84142315,58471779,"Nigeria"
"NGA",2007,60.1,87996631,58420393,"Nigeria"
"NGA",2008,61.2,92012603,58334787,"Nigeria"
"NGA",2009,62.3,96192559,58209622,"Nigeria"
"NGA",2010,63.4,100538617,58039644,"Nigeria"
"NGA",2011,64.5,105055714,57821362,"Nigeria"
"NGA",2012,65.5,109579721,57717563,"Nigeria"
"NGA",2013,66.6,114438316,57390987,"Nigeria"
"NGA",2014,67.6,119287299,57173203,"Nigeria"
"NGA",2015,68.5,124109495,57072249,"Nigeria"
"SAU",1995,93.3,17480540,1255301,"Saudi Arabia"
"SAU",1996,93.7,17926289,1205289,"Saudi Arabia"
"SAU",1997,94,18335241,1170335,"Saudi Arabia"
"SAU",1998,94.3,18749158,1133300,"Saudi Arabia"
"SAU",1999,94.7,19218802,1075604,"Saudi Arabia"
"SAU",2000,95,19726096,1038216,"Saudi Arabia"
"SAU",2001,95.4,20323627,979965,"Saudi Arabia"
"SAU",2002,95.7,20964337,941971,"Saudi Arabia"
"SAU",2003,96,21654168,902257,"Saudi Arabia"
"SAU",2004,96.4,22392650,836240,"Saudi Arabia"
"SAU",2005,96.7,23116767,788887,"Saudi Arabia"
"SAU",2006,97,23840952,737349,"Saudi Arabia"
"SAU",2007,97,24494992,757577,"Saudi Arabia"
"SAU",2008,97,25162547,778223,"Saudi Arabia"
"SAU",2009,97,25861647,799845,"Saudi Arabia"
"SAU",2010,97,26602906,822770,"Saudi Arabia"
"SAU",2011,97,27390879,847141,"Saudi Arabia"
"SAU",2012,97,28213766,872591,"Saudi Arabia"
"SAU",2013,97,29046142,898334,"Saudi Arabia"
"SAU",2014,97,29853420,923302,"Saudi Arabia"
"SAU",2015,97,30610430,946714,"Saudi Arabia"
"SEN",1995,63.7,5571588,3175018,"Senegal"
"SEN",1996,64.4,5779306,3194771,"Senegal"
"SEN",1997,65.2,5996136,3200392,"Senegal"
"SEN",1998,65.9,6206721,3211672,"Senegal"
"SEN",1999,66.7,6433853,3212104,"Senegal"
"SEN",2000,67.4,6661851,3222201,"Senegal"
"SEN",2001,68.2,6911727,3222770,"Senegal"
"SEN",2002,68.9,7163437,3233424,"Senegal"
"SEN",2003,69.6,7427009,3243981,"Senegal"
"SEN",2004,70.4,7712985,3242959,"Senegal"
"SEN",2005,71.1,7999650,3251616,"Senegal"
"SEN",2006,71.8,8297756,3259007,"Senegal"
"SEN",2007,72.6,8620202,3253355,"Senegal"
"SEN",2008,73.3,8945500,3258457,"Senegal"
"SEN",2009,74.1,9300229,3250688,"Senegal"
"SEN",2010,74.8,9661339,3254890,"Senegal"
"SEN",2011,75.6,10055488,3245422,"Senegal"
"SEN",2012,76.3,10455780,3247733,"Senegal"
"SEN",2013,77,10872646,3247674,"Senegal"
"SEN",2014,77.8,11316874,3229237,"Senegal"
"SEN",2015,78.5,11756940,3220054,"Senegal"
"SOM",1995,21,1618028,6086866,"Somalia"
"SOM",1996,21,1657402,6234987,"Somalia"
"SOM",1997,21.1,1717007,6420468,"Somalia"
"SOM",1998,21.8,1836077,6586295,"Somalia"
"SOM",1999,22.6,1970772,6749459,"Somalia"
"SOM",2000,23.5,2117698,6893781,"Somalia"
"SOM",2001,24.4,2266961,7023862,"Somalia"
"SOM",2002,25.3,2419734,7144433,"Somalia"
"SOM",2003,26.3,2586972,7249425,"Somalia"
"SOM",2004,27.3,2761730,7354498,"Somalia"
"SOM",2005,28.4,2956419,7453506,"Somalia"
"SOM",2006,29.5,3161904,7556413,"Somalia"
"SOM",2007,30.7,3388849,7649747,"Somalia"
"SOM",2008,30.9,3513106,7856170,"Somalia"
"SOM",2009,31.2,3652893,8055097,"Somalia"
"SOM",2010,31.4,3784712,8268511,"Somalia"
"SOM",2011,31.7,3932298,8472427,"Somalia"
"SYR",1995,86.1,12351469,1994023,"Syria"
"SYR",1996,86.4,12748567,2006719,"Syria"
"SYR",1997,86.7,13158854,2018602,"Syria"
"SYR",1998,87,13573923,2028287,"Syria"
"SYR",1999,87.2,13966032,2050060,"Syria"
"SYR",2000,87.5,14359492,2051356,"Syria"
"SYR",2001,87.8,14721337,2045562,"Syria"
"SYR",2002,88,15037353,2050548,"Syria"
"SYR",2003,88.2,15360265,2055001,"Syria"
"SYR",2004,88.5,15758875,2047763,"Syria"
"SYR",2005,88.7,16227320,2067291,"Syria"
"SYR",2006,88.9,16815415,2099562,"Syria"
"SYR",2007,89.1,17492830,2139976,"Syria"
"SYR",2008,89.3,18150621,2174822,"Syria"
"SYR",2009,89.5,18638279,2186614,"Syria"
"SYR",2010,89.7,18853894,2164940,"Syria"
"SYR",2011,89.9,18756730,2107263,"Syria"
"SYR",2012,90.1,18399052,2021649,"Syria"
"SYR",2013,90.1,17848036,1961105,"Syria"
"SYR",2014,90.1,17301984,1901106,"Syria"
"SYR",2015,90.1,16880223,1854764,"Syria"
"TUN",1995,86.5,7883588,1230387,"Tunisia"
"TUN",1996,87.2,8071264,1184773,"Tunisia"
"TUN",1997,87.9,8248670,1135482,"Tunisia"
"TUN",1998,88.6,8416464,1082931,"Tunisia"
"TUN",1999,89.2,8566538,1037204,"Tunisia"
"TUN",2000,89.9,8719578,979619,"Tunisia"
"TUN",2001,90.5,8856059,929642,"Tunisia"
"TUN",2002,91.1,8986401,877925,"Tunisia"
"TUN",2003,91.8,9124624,815054,"Tunisia"
"TUN",2004,92.4,9256263,761338,"Tunisia"
"TUN",2005,92.9,9385206,717276,"Tunisia"
"TUN",2006,93.5,9533387,662749,"Tunisia"
"TUN",2007,94.1,9690500,607587,"Tunisia"
"TUN",2008,94.7,9855747,551589,"Tunisia"
"TUN",2009,95.2,10016786,505048,"Tunisia"
"TUN",2010,95.8,10193054,446877,"Tunisia"
"TUN",2011,96.3,10363293,398174,"Tunisia"
"TUN",2012,96.9,10549181,337487,"Tunisia"
"TUN",2013,97.3,10717165,297393,"Tunisia"
"TUN",2014,97.7,10887598,256310,"Tunisia"
"TUN",2015,97.7,11014367,259294,"Tunisia"
"TUR",1995,89.2,52169852,6316529,"Turkey"
"TUR",1996,89.9,53421464,6001744,"Turkey"
"TUR",1997,90.6,54697484,5675015,"Turkey"
"TUR",1998,91.2,55932586,5397004,"Turkey"
"TUR",1999,91.9,57242053,5045273,"Turkey"
"TUR",2000,92.6,58560352,4679769,"Turkey"
"TUR",2001,93.2,59826454,4365020,"Turkey"
"TUR",2002,93.8,61104185,4038869,"Turkey"
"TUR",2003,94.5,62451084,3634719,"Turkey"
"TUR",2004,95.1,63724470,3283385,"Turkey"
"TUR",2005,95.7,64983560,2919846,"Turkey"
"TUR",2006,96.3,66219159,2544246,"Turkey"
"TUR",2007,96.9,67439765,2157516,"Turkey"
"TUR",2008,97.5,68679031,1761001,"Turkey"
"TUR",2009,98,69912401,1426784,"Turkey"
"TUR",2010,98.6,71314337,1012577,"Turkey"
"TUR",2011,99.1,72748770,660685,"Turkey"
"TUR",2012,99.5,74197018,372849,"Turkey"
"TUR",2013,99.8,75635758,151575,"Turkey"
"TUR",2014,100,77030628,0,"Turkey"
"TUR",2015,100,78271472,0,"Turkey"
"ZAF",1995,84,34798520,6628290,"South Africa"
"ZAF",1996,84.5,35667633,6542583,"South Africa"
"ZAF",1997,85,36483280,6438226,"South Africa"
"ZAF",1998,85.5,37264346,6319684,"South Africa"
"ZAF",1999,86,38041008,6192722,"South Africa"
"ZAF",2000,86.5,38835780,6061076,"South Africa"
"ZAF",2001,87,39422255,5890682,"South Africa"
"ZAF",2002,87.4,40077692,5777791,"South Africa"
"ZAF",2003,87.9,40801592,5616601,"South Africa"
"ZAF",2004,88.4,41549504,5452197,"South Africa"
"ZAF",2005,88.9,42322330,5284340,"South Africa"
"ZAF",2006,89.4,43121021,5112783,"South Africa"
"ZAF",2007,89.8,43897693,4986152,"South Africa"
"ZAF",2008,90.3,44750489,4807085,"South Africa"
"ZAF",2009,90.7,45582022,4673791,"South Africa"
"ZAF",2010,91.1,46442263,4537169,"South Africa"
"ZAF",2011,91.6,47384080,4345265,"South Africa"
"ZAF",2012,92,48305994,4200521,"South Africa"
"ZAF",2013,92.4,49260247,4051709,"South Africa"
"ZAF",2014,92.8,50248170,3898565,"South Africa"
"ZAF",2015,93.2,51271162,3740814,"South Africa"
